trials_per_test,replicate,chart_recovered_mod_D4,phase_rmse,max_phase_error
2,0,1,0.770296707080,1.178153769180
2,1,1,0.668313183047,1.121592653590
2,2,1,0.595338547264,1.121592653590
2,3,1,0.623703415705,0.930796326795
2,4,1,0.827992476847,1.178153769180
2,5,1,0.300635078985,0.449203673205
2,6,1,1.024121391200,1.481846230820
2,7,1,0.300635078985,0.449203673205
2,8,0,1.087718465518,2.020000000000
2,9,1,0.427312503319,0.640000000000
2,10,1,0.773486631235,1.481846230820
2,11,1,0.691031099428,1.121592653590
2,12,1,0.812431232895,1.481846230820
2,13,0,1.029580237627,2.020000000000
2,14,1,0.808116628899,1.121592653590
2,15,1,0.300635078985,0.449203673205
2,16,1,1.264443376920,2.020000000000
2,17,1,0.692214971266,1.178153769180
2,18,1,0.544785669769,0.930796326795
2,19,1,0.714172973577,1.178153769180
2,20,1,0.389505463056,0.640000000000
2,21,1,0.620732998640,1.121592653590
2,22,0,1.164028981853,2.020000000000
2,23,1,0.348228259133,0.449203673205
2,24,1,0.427312503319,0.640000000000
2,25,1,0.427312503319,0.640000000000
2,26,1,0.598435026565,0.930796326795
2,27,1,1.167661821834,2.210796326795
2,28,1,0.300635078985,0.449203673205
2,29,1,0.300635078985,0.449203673205
2,30,1,0.427312503319,0.640000000000
2,31,1,0.748891154393,1.121592653590
2,32,1,0.389505463056,0.640000000000
2,33,1,0.849339486435,1.481846230820
2,34,1,0.692214971266,1.178153769180
2,35,1,0.389505463056,0.640000000000
2,36,1,0.427312503319,0.640000000000
2,37,1,0.647987207053,0.930796326795
2,38,1,0.427312503319,0.640000000000
2,39,0,1.202987113551,2.020000000000
2,40,1,0.668313183047,1.121592653590
2,41,1,0.427312503319,0.640000000000
2,42,1,0.524223712043,0.640000000000
2,43,1,0.427312503319,0.640000000000
2,44,1,0.714172973577,1.178153769180
2,45,0,1.029580237627,2.020000000000
2,46,1,0.930754584251,1.178153769180
2,47,1,0.714172973577,1.178153769180
2,48,1,0.515664577263,0.930796326795
2,49,1,0.691031099428,1.121592653590
2,50,1,0.427312503319,0.640000000000
2,51,1,0.544785669769,0.930796326795
2,52,1,0.300635078985,0.449203673205
2,53,1,0.427312503319,0.640000000000
2,54,1,1.129312173407,2.020000000000
2,55,1,0.493891719435,0.640000000000
2,56,1,0.622050674519,1.178153769180
2,57,1,0.300635078985,0.449203673205
2,58,1,0.389505463056,0.640000000000
2,59,0,1.202987113551,2.020000000000
2,60,0,1.202987113551,2.020000000000
2,61,1,0.748891154393,1.121592653590
2,62,1,0.978064465737,1.481846230820
2,63,1,1.180811415896,2.210796326795
2,64,1,0.598435026565,0.930796326795
2,65,1,1.087718465518,2.020000000000
2,66,1,0.348228259133,0.449203673205
2,67,1,1.264443376920,2.020000000000
2,68,1,1.087718465518,2.020000000000
2,69,1,0.646396558942,1.178153769180
2,70,1,0.427312503319,0.640000000000
2,71,1,0.300635078985,0.449203673205
2,72,1,0.620732998640,1.121592653590
2,73,1,0.647987207053,0.930796326795
2,74,1,1.190180019768,1.963438884410
2,75,0,1.317915760355,2.501592653590
2,76,0,1.044469691017,2.020000000000
2,77,1,0.243926179354,0.279746422769
2,78,1,0.846435473889,1.178153769180
2,79,0,1.165615702432,2.020000000000
2,80,1,0.734068821985,1.121592653590
2,81,1,0.668313183047,1.121592653590
2,82,1,0.300635078985,0.449203673205
2,83,1,0.493891719435,0.640000000000
2,84,1,0.389505463056,0.640000000000
2,85,1,1.535967268692,2.020000000000
2,86,1,0.793197981869,1.481846230820
2,87,1,0.300635078985,0.449203673205
2,88,1,1.073429080325,2.020000000000
2,89,0,1.129949397296,1.659746422769
2,90,1,0.623703415705,0.930796326795
2,91,1,0.493891719435,0.640000000000
2,92,1,0.734068821985,1.121592653590
2,93,1,0.389505463056,0.640000000000
2,94,1,0.879823602394,1.178153769180
2,95,1,0.691031099428,1.121592653590
2,96,1,0.462036194723,0.640000000000
2,97,1,0.552894176141,0.640000000000
2,98,1,0.687255361211,0.930796326795
2,99,1,0.691031099428,1.121592653590
2,100,1,1.216427988490,2.020000000000
2,101,1,0.754810244467,1.121592653590
2,102,1,0.524223712043,0.640000000000
2,103,0,1.029580237627,2.020000000000
2,104,1,0.668313183047,1.121592653590
2,105,1,0.734068821985,1.121592653590
2,106,1,0.734068821985,1.121592653590
2,107,0,1.087718465518,2.020000000000
2,108,1,0.427312503319,0.640000000000
2,109,1,1.129312173407,2.020000000000
2,110,1,0.427312503319,0.640000000000
2,111,1,0.623703415705,0.930796326795
2,112,1,0.691031099428,1.121592653590
2,113,1,0.427312503319,0.640000000000
2,114,1,0.595338547264,1.121592653590
2,115,0,1.216427988490,2.020000000000
2,116,1,0.755894232827,1.178153769180
2,117,1,0.623703415705,0.930796326795
2,118,1,0.389505463056,0.640000000000
2,119,1,1.073429080325,2.020000000000
2,120,1,0.668313183047,1.121592653590
2,121,1,1.073429080325,2.020000000000
2,122,1,0.544785669769,0.930796326795
2,123,1,0.389505463056,0.640000000000
2,124,1,0.748891154393,1.121592653590
2,125,1,0.897046009951,1.481846230820
2,126,1,0.243926179354,0.279746422769
2,127,1,0.692214971266,1.178153769180
2,128,1,0.930754584251,1.178153769180
2,129,1,0.524223712043,0.640000000000
2,130,0,1.029580237627,2.020000000000
2,131,1,0.427312503319,0.640000000000
2,132,1,0.389505463056,0.640000000000
2,133,1,0.389505463056,0.640000000000
2,134,1,0.427312503319,0.640000000000
2,135,1,0.427312503319,0.640000000000
2,136,1,0.427312503319,0.640000000000
2,137,1,0.389505463056,0.640000000000
2,138,1,0.300635078985,0.449203673205
2,139,1,0.668313183047,1.121592653590
2,140,1,0.692214971266,1.178153769180
2,141,0,1.087718465518,2.020000000000
2,142,1,0.595338547264,1.121592653590
2,143,1,0.427312503319,0.640000000000
2,144,0,1.343587372933,2.020000000000
2,145,1,0.734068821985,1.121592653590
2,146,1,1.253758978416,2.020000000000
2,147,0,1.537547131434,2.692388980385
2,148,1,0.389505463056,0.640000000000
2,149,1,1.139002594695,2.020000000000
2,150,1,0.544785669769,0.930796326795
2,151,1,0.515664577263,0.930796326795
2,152,1,0.524223712043,0.640000000000
2,153,1,1.001852548489,1.963438884410
2,154,1,0.300635078985,0.449203673205
2,155,1,1.178788121546,2.020000000000
2,156,1,0.427312503319,0.640000000000
2,157,1,0.427312503319,0.640000000000
2,158,1,1.216427988490,2.020000000000
2,159,1,1.073429080325,2.020000000000
2,160,1,0.462036194723,0.640000000000
2,161,0,1.061510491438,1.963438884410
2,162,1,0.962147924903,1.481846230820
2,163,1,0.552894176141,0.640000000000
2,164,1,0.668313183047,1.121592653590
2,165,1,0.524223712043,0.640000000000
2,166,1,0.769233014677,1.121592653590
2,167,1,0.620732998640,1.121592653590
2,168,1,0.427312503319,0.640000000000
2,169,1,0.776052550388,1.178153769180
2,170,1,0.623703415705,0.930796326795
2,171,0,1.125364581361,2.020000000000
2,172,1,0.427312503319,0.640000000000
2,173,1,0.427312503319,0.640000000000
2,174,0,1.044469691017,2.020000000000
2,175,1,0.389505463056,0.640000000000
2,176,1,0.389505463056,0.640000000000
2,177,1,0.544785669769,0.930796326795
2,178,1,0.515664577263,0.930796326795
2,179,1,0.692214971266,1.178153769180
2,180,1,1.073429080325,2.020000000000
2,181,1,1.364212452355,2.210796326795
2,182,1,1.467237361583,2.020000000000
2,183,1,0.243926179354,0.279746422769
2,184,1,0.544785669769,0.930796326795
2,185,1,0.524223712043,0.640000000000
2,186,0,0.879823602394,1.178153769180
2,187,1,0.734068821985,1.121592653590
2,188,1,0.493891719435,0.640000000000
2,189,1,0.300635078985,0.449203673205
2,190,1,0.427312503319,0.640000000000
2,191,1,0.427312503319,0.640000000000
2,192,0,1.381569383620,2.501592653590
2,193,1,0.879823602394,1.178153769180
2,194,1,0.595338547264,1.121592653590
2,195,1,0.805826278264,1.121592653590
2,196,1,0.300635078985,0.449203673205
2,197,1,0.493891719435,0.640000000000
2,198,1,0.544785669769,0.930796326795
2,199,1,0.427312503319,0.640000000000
2,200,1,1.115555697965,2.020000000000
2,201,1,0.859071622581,1.659746422769
2,202,0,1.029580237627,2.020000000000
2,203,1,0.524223712043,0.640000000000
2,204,1,0.830960945818,1.481846230820
2,205,1,0.925076194706,1.121592653590
2,206,1,0.595338547264,1.121592653590
2,207,1,0.914096829505,1.481846230820
2,208,1,0.524223712043,0.640000000000
2,209,0,1.044469691017,2.020000000000
2,210,1,1.253758978416,2.020000000000
2,211,1,0.348228259133,0.449203673205
2,212,1,0.691031099428,1.121592653590
2,213,1,0.668313183047,1.121592653590
2,214,1,0.692214971266,1.178153769180
2,215,1,1.073429080325,2.020000000000
2,216,1,0.427312503319,0.640000000000
2,217,1,0.300635078985,0.449203673205
2,218,1,0.812431232895,1.481846230820
2,219,1,0.389505463056,0.640000000000
2,220,1,0.544785669769,0.930796326795
2,221,1,0.427312503319,0.640000000000
2,222,1,1.177914481788,2.020000000000
2,223,0,1.044469691017,2.020000000000
2,224,1,0.389505463056,0.640000000000
2,225,1,0.427312503319,0.640000000000
2,226,0,0.942488738300,1.178153769180
2,227,1,0.515664577263,0.930796326795
2,228,1,0.623703415705,0.930796326795
2,229,1,0.515664577263,0.930796326795
2,230,1,0.773486631235,1.481846230820
2,231,0,1.330195852949,2.020000000000
2,232,1,0.714172973577,1.178153769180
2,233,1,0.623703415705,0.930796326795
2,234,1,0.389505463056,0.640000000000
2,235,1,0.620732998640,1.121592653590
2,236,1,1.178788121546,2.020000000000
2,237,0,1.087718465518,2.020000000000
2,238,1,1.073429080325,2.020000000000
2,239,1,0.849339486435,1.481846230820
2,240,1,0.389505463056,0.640000000000
2,241,1,0.544785669769,0.930796326795
2,242,0,1.073429080325,2.020000000000
2,243,1,1.276596460585,2.020000000000
2,244,1,0.515664577263,0.930796326795
2,245,1,0.427312503319,0.640000000000
2,246,0,1.228214578323,2.210796326795
2,247,0,1.029580237627,2.020000000000
2,248,1,0.691031099428,1.121592653590
2,249,1,0.243926179354,0.279746422769
2,250,1,0.668313183047,1.121592653590
2,251,1,0.623703415705,0.930796326795
2,252,0,1.417624654611,1.963438884410
2,253,0,1.125364581361,2.020000000000
2,254,1,1.139002594695,2.020000000000
2,255,1,0.692214971266,1.178153769180
2,256,1,0.389505463056,0.640000000000
2,257,1,0.515664577263,0.930796326795
2,258,1,1.115555697965,2.020000000000
2,259,1,0.493891719435,0.640000000000
2,260,1,0.243926179354,0.279746422769
2,261,1,0.849339486435,1.481846230820
2,262,1,0.493891719435,0.640000000000
2,263,1,0.300635078985,0.449203673205
2,264,1,0.427312503319,0.640000000000
2,265,1,0.692214971266,1.178153769180
2,266,1,0.524223712043,0.640000000000
2,267,1,0.389505463056,0.640000000000
2,268,1,0.793197981869,1.481846230820
2,269,0,1.285919115124,2.020000000000
2,270,1,0.552894176141,0.640000000000
2,271,1,0.827992476847,1.178153769180
2,272,1,0.623703415705,0.930796326795
2,273,1,0.846435473889,1.178153769180
2,274,1,0.793197981869,1.481846230820
2,275,1,0.300635078985,0.449203673205
2,276,0,1.276596460585,2.020000000000
2,277,1,0.389505463056,0.640000000000
2,278,1,1.262494555107,2.020000000000
2,279,1,1.073429080325,2.020000000000
2,280,1,0.427312503319,0.640000000000
2,281,1,0.598435026565,0.930796326795
2,282,1,0.622050674519,1.178153769180
2,283,1,0.595338547264,1.121592653590
2,284,0,1.330195852949,2.020000000000
2,285,1,0.462036194723,0.640000000000
2,286,1,0.812431232895,1.481846230820
2,287,1,1.073429080325,2.020000000000
2,288,1,0.691031099428,1.121592653590
2,289,1,0.462036194723,0.640000000000
2,290,1,0.524223712043,0.640000000000
2,291,1,0.692214971266,1.178153769180
2,292,1,0.348228259133,0.449203673205
2,293,0,1.507234251910,2.210796326795
2,294,1,0.389505463056,0.640000000000
2,295,1,0.348228259133,0.449203673205
2,296,1,0.734068821985,1.121592653590
2,297,1,0.623703415705,0.930796326795
2,298,1,0.552894176141,0.640000000000
2,299,1,1.129312173407,2.020000000000
5,0,1,0.305527445959,0.419678517364
5,1,1,0.239767826526,0.272461594316
5,2,1,0.448626758907,0.754054247906
5,3,1,0.273313992238,0.438907241185
5,4,1,0.243926179354,0.279746422769
5,5,1,0.551088471195,0.754054247906
5,6,1,0.296929964886,0.438907241185
5,7,1,0.191640606308,0.279746422769
5,8,1,0.421726691259,0.529995690131
5,9,1,0.605579920711,0.997245788113
5,10,1,0.546185034657,0.941092758815
5,11,1,0.283148235000,0.419678517364
5,12,1,0.279938195297,0.438907241185
5,13,1,0.410319923624,0.625945752094
5,14,1,0.200975065168,0.279746422769
5,15,1,0.395920319085,0.625945752094
5,16,1,0.395920319085,0.625945752094
5,17,1,0.457939889592,0.625945752094
5,18,1,0.200975065168,0.279746422769
5,19,1,0.201477606554,0.282754211887
5,20,1,0.382993227805,0.625945752094
5,21,1,0.452399949288,0.738527166121
5,22,1,0.221121084630,0.279746422769
5,23,1,0.559183569996,0.764346865476
5,24,1,0.374933624561,0.641472833879
5,25,1,0.200749738479,0.279746422769
5,26,1,0.542740462687,0.997245788113
5,27,1,0.223383569756,0.279746422769
5,28,1,0.380475562392,0.529995690131
5,29,1,0.278136132168,0.438907241185
5,30,1,0.221121084630,0.279746422769
5,31,1,0.278136132168,0.438907241185
5,32,1,0.201477606554,0.282754211887
5,33,1,0.545461160742,0.901271170953
5,34,1,0.420111066992,0.738527166121
5,35,1,0.315561339873,0.625945752094
5,36,1,0.365290902393,0.438907241185
5,37,1,0.234795681230,0.419678517364
5,38,1,0.602111150662,0.754054247906
5,39,1,0.613466865253,1.178153769180
5,40,1,0.446690778772,0.738527166121
5,41,1,0.145572845491,0.279746422769
5,42,1,0.451287080412,0.738527166121
5,43,1,0.479132732769,0.641472833879
5,44,1,0.289391185935,0.419678517364
5,45,1,0.771303754891,1.481846230820
5,46,1,0.691829263928,1.178153769180
5,47,1,0.473179556251,0.901271170953
5,48,1,0.285894890055,0.419678517364
5,49,1,0.753610608970,0.997245788113
5,50,1,0.521941128056,0.941092758815
5,51,1,0.533865256172,0.860321482636
5,52,1,0.315521594656,0.529995690131
5,53,1,0.279938195297,0.438907241185
5,54,1,0.882645814363,1.659746422769
5,55,1,0.544916150485,0.997245788113
5,56,1,0.281366731891,0.419678517364
5,57,1,0.324445739477,0.438907241185
5,58,1,0.146574969854,0.282754211887
5,59,1,0.348184583048,0.529995690131
5,60,1,0.431267896327,0.764346865476
5,61,1,0.353408204072,0.529995690131
5,62,1,0.360992730443,0.438907241185
5,63,1,0.213375842557,0.419678517364
5,64,1,0.761033878710,1.481846230820
5,65,1,1.098406221234,1.921472833879
5,66,1,0.371460000344,0.738527166121
5,67,1,0.200975065168,0.279746422769
5,68,1,0.620476338705,0.860321482636
5,69,1,0.261335620738,0.282754211887
5,70,1,0.515934528835,0.860321482636
5,71,1,0.318021478453,0.419678517364
5,72,1,0.590422424078,0.997245788113
5,73,1,0.290345139602,0.438907241185
5,74,1,0.305527445959,0.419678517364
5,75,1,0.198457279157,0.272461594316
5,76,1,0.402180937993,0.754054247906
5,77,1,0.736675522643,1.178153769180
5,78,1,0.234795681230,0.419678517364
5,79,1,0.605592134217,1.178153769180
5,80,1,0.288608064547,0.438907241185
5,81,0,1.129949397296,1.659746422769
5,82,1,0.419870288882,0.738527166121
5,83,1,0.458837710272,0.764346865476
5,84,1,0.252254968580,0.419678517364
5,85,1,0.843289120952,1.481846230820
5,86,1,0.315521594656,0.529995690131
5,87,1,0.556717554286,0.941092758815
5,88,1,0.567833674363,0.860321482636
5,89,1,0.296436562529,0.438907241185
5,90,1,0.543319795466,0.941092758815
5,91,1,0.782597707921,1.178153769180
5,92,1,0.605592134217,1.178153769180
5,93,1,0.265656095820,0.419678517364
5,94,1,0.461296116395,0.625945752094
5,95,1,0.511801554449,0.764346865476
5,96,1,0.491937202741,0.901271170953
5,97,1,0.866558475302,1.478838441703
5,98,1,0.287648350122,0.419678517364
5,99,1,0.501746548715,0.941092758815
5,100,1,0.289391185935,0.419678517364
5,101,1,0.226857129249,0.419678517364
5,102,0,1.113237717829,1.659746422769
5,103,1,0.254240544253,0.419678517364
5,104,1,0.360992730443,0.438907241185
5,105,1,0.377606399792,0.641472833879
5,106,1,0.776124589759,1.231596963459
5,107,1,0.289896579732,0.419678517364
5,108,1,0.223383569756,0.279746422769
5,109,1,0.613716365902,1.107538405684
5,110,1,0.626720698135,1.220119819711
5,111,1,1.053992336637,1.963438884410
5,112,1,0.425411675979,0.529995690131
5,113,1,0.678286528188,1.231596963459
5,114,1,0.303877171018,0.419678517364
5,115,1,0.287648350122,0.419678517364
5,116,1,0.221121084630,0.279746422769
5,117,0,0.745573436919,1.178153769180
5,118,1,0.560412180771,0.941092758815
5,119,1,0.315521594656,0.529995690131
5,120,1,0.172584848446,0.272461594316
5,121,1,0.613802778932,0.901271170953
5,122,1,0.278136132168,0.438907241185
5,123,1,0.302217884806,0.419678517364
5,124,1,0.198229090526,0.279746422769
5,125,1,0.234795681230,0.419678517364
5,126,1,0.089539690046,0.159880180289
5,127,1,0.201477606554,0.282754211887
5,128,1,0.175474257604,0.279746422769
5,129,1,0.673560004914,0.997245788113
5,130,1,0.198457279157,0.272461594316
5,131,1,0.457939889592,0.625945752094
5,132,1,0.342259629787,0.438907241185
5,133,1,0.262232018352,0.438907241185
5,134,1,0.613466865253,1.178153769180
5,135,1,0.414408646281,0.625945752094
5,136,1,0.254240544253,0.419678517364
5,137,1,0.326783165433,0.529995690131
5,138,1,0.285894890055,0.419678517364
5,139,1,0.431824688059,0.625945752094
5,140,1,0.785587029495,1.481846230820
5,141,1,0.222837670275,0.438907241185
5,142,1,0.234781194766,0.282754211887
5,143,1,0.241855940191,0.279746422769
5,144,1,0.558139522360,0.764346865476
5,145,1,0.261335620738,0.282754211887
5,146,1,0.796394760611,1.481846230820
5,147,1,0.145572845491,0.279746422769
5,148,1,0.470296365998,0.860321482636
5,149,1,0.270614727815,0.419678517364
5,150,1,0.188998510093,0.272461594316
5,151,1,0.272466541211,0.419678517364
5,152,1,0.343048507078,0.625945752094
5,153,1,0.562854073841,0.997245788113
5,154,1,0.192402937684,0.282754211887
5,155,1,0.263756471157,0.419678517364
5,156,1,0.360992730443,0.438907241185
5,157,1,0.404002647781,0.764346865476
5,158,1,0.198229090526,0.279746422769
5,159,1,0.410719002431,0.754054247906
5,160,1,0.515934528835,0.860321482636
5,161,1,0.301595424577,0.529995690131
5,162,1,0.182076320462,0.201846230820
5,163,1,0.310594127717,0.438907241185
5,164,1,0.430148473196,0.641472833879
5,165,1,0.415156541309,0.754054247906
5,166,1,0.861746018789,1.231596963459
5,167,1,0.252254968580,0.419678517364
5,168,1,0.384881462229,0.529995690131
5,169,1,0.529128177106,0.901271170953
5,170,1,0.236913263842,0.282754211887
5,171,1,0.344642543365,0.625945752094
5,172,1,0.574011876793,0.997245788113
5,173,1,0.279938195297,0.438907241185
5,174,1,0.302217884806,0.419678517364
5,175,1,0.212885411794,0.272461594316
5,176,1,0.648686427274,1.178153769180
5,177,1,0.462924541061,0.901271170953
5,178,1,0.509628578396,0.997245788113
5,179,1,0.636731221888,0.860321482636
5,180,1,0.191640606308,0.279746422769
5,181,1,0.422243840329,0.754054247906
5,182,1,0.419358919327,0.625945752094
5,183,1,0.241855940191,0.279746422769
5,184,1,0.474081224459,0.860321482636
5,185,1,0.547104905162,0.941092758815
5,186,1,0.303877171018,0.419678517364
5,187,1,0.869120610457,1.662754211887
5,188,1,0.747458289909,1.231596963459
5,189,1,0.242273698384,0.282754211887
5,190,1,0.327229843032,0.419678517364
5,191,1,0.343048507078,0.625945752094
5,192,1,0.472187176446,0.764346865476
5,193,1,0.164975390797,0.201846230820
5,194,1,0.324828979814,0.625945752094
5,195,1,0.108084276964,0.201846230820
5,196,1,0.321168228652,0.419678517364
5,197,1,0.402659613538,0.625945752094
5,198,1,0.283148235000,0.419678517364
5,199,1,0.528043835370,0.997245788113
5,200,1,0.175474257604,0.279746422769
5,201,1,0.236913263842,0.282754211887
5,202,1,0.263756471157,0.419678517364
5,203,1,0.296436562529,0.438907241185
5,204,1,0.226857129249,0.419678517364
5,205,1,0.378187467032,0.625945752094
5,206,1,0.500121511415,0.997245788113
5,207,1,0.482018048193,0.860321482636
5,208,1,0.296929964886,0.438907241185
5,209,1,0.200975065168,0.279746422769
5,210,1,0.431267896327,0.764346865476
5,211,1,0.409492873918,0.754054247906
5,212,1,0.495054344114,0.738527166121
5,213,1,0.750934345258,1.478838441703
5,214,1,0.299958220165,0.419678517364
5,215,1,0.895873104246,1.478838441703
5,216,1,0.312208900164,0.438907241185
5,217,1,0.532922533375,0.860321482636
5,218,1,0.164700820425,0.279746422769
5,219,1,0.518874291457,0.997245788113
5,220,1,0.164975390797,0.201846230820
5,221,1,0.241855940191,0.279746422769
5,222,1,0.175474257604,0.279746422769
5,223,1,0.383572750334,0.529995690131
5,224,1,0.521849772912,0.860321482636
5,225,1,0.281254338093,0.282754211887
5,226,1,0.283148235000,0.419678517364
5,227,1,0.661300689205,1.231596963459
5,228,1,0.598530095966,1.178153769180
5,229,1,0.287648350122,0.419678517364
5,230,1,0.549917213564,0.941092758815
5,231,1,0.108084276964,0.201846230820
5,232,1,0.678133393880,0.860321482636
5,233,1,0.287648350122,0.419678517364
5,234,1,0.132729491188,0.201846230820
5,235,1,0.200975065168,0.279746422769
5,236,1,0.596022182261,0.901271170953
5,237,1,0.175474257604,0.279746422769
5,238,1,0.356766085757,0.625945752094
5,239,1,0.198457279157,0.272461594316
5,240,1,0.520943904119,0.901271170953
5,241,1,0.366664872247,0.438907241185
5,242,1,0.782955684445,1.481846230820
5,243,1,0.457519054237,0.754054247906
5,244,1,0.462858595899,0.860321482636
5,245,1,0.294735390537,0.438907241185
5,246,1,0.430100352515,0.764346865476
5,247,1,0.362382997120,0.438907241185
5,248,1,0.315521594656,0.529995690131
5,249,1,0.482018048193,0.860321482636
5,250,1,0.844298633768,1.478838441703
5,251,1,0.437565946969,0.754054247906
5,252,1,0.191640606308,0.279746422769
5,253,0,0.692555712991,1.178153769180
5,254,1,0.188998510093,0.272461594316
5,255,1,0.315521594656,0.529995690131
5,256,1,0.270614727815,0.419678517364
5,257,1,0.524562138588,0.997245788113
5,258,1,0.224037915720,0.282754211887
5,259,1,0.486468232291,0.764346865476
5,260,1,0.738720041683,1.231596963459
5,261,1,0.486572104598,0.738527166121
5,262,1,0.261335620738,0.282754211887
5,263,1,0.239767826526,0.272461594316
5,264,1,0.591810222659,0.860321482636
5,265,1,0.489526107801,0.901271170953
5,266,1,0.842045405611,1.478838441703
5,267,1,0.344642543365,0.625945752094
5,268,1,0.808637876672,1.481846230820
5,269,1,0.473019367696,0.860321482636
5,270,1,0.287648350122,0.419678517364
5,271,1,0.423021356129,0.625945752094
5,272,1,0.672092050255,0.901271170953
5,273,1,0.305527445959,0.419678517364
5,274,1,0.175474257604,0.279746422769
5,275,1,0.431502314624,0.764346865476
5,276,1,0.454094696128,0.754054247906
5,277,1,0.132729491188,0.201846230820
5,278,1,0.331902581491,0.529995690131
5,279,1,0.201477606554,0.282754211887
5,280,1,0.272466541211,0.419678517364
5,281,1,0.308970916113,0.438907241185
5,282,1,0.563319993893,0.738527166121
5,283,1,0.255325862254,0.438907241185
5,284,1,0.885358905389,1.481846230820
5,285,1,0.302217884806,0.419678517364
5,286,1,0.629310305031,0.860321482636
5,287,1,0.391812710996,0.738527166121
5,288,1,0.638206719601,1.220119819711
5,289,1,0.411075257589,0.754054247906
5,290,1,0.728819891229,1.341914136226
5,291,1,0.613802778932,0.901271170953
5,292,1,0.420532658603,0.529995690131
5,293,1,0.437565946969,0.754054247906
5,294,1,0.315521594656,0.529995690131
5,295,1,0.142076627830,0.272461594316
5,296,1,0.522955877182,0.901271170953
5,297,1,0.560412180771,0.941092758815
5,298,1,0.301745454722,0.529995690131
5,299,1,0.356766085757,0.625945752094
10,0,1,0.343759794870,0.449203673205
10,1,1,0.226939980721,0.272461594316
10,2,1,0.179592055132,0.279746422769
10,3,1,0.281909268805,0.423027368250
10,4,1,0.284164300385,0.438907241185
10,5,1,0.277701495336,0.438907241185
10,6,1,0.173044859723,0.218882139378
10,7,1,0.415456121708,0.711141382763
10,8,1,0.120220628892,0.218882139378
10,9,1,0.149706235754,0.279746422769
10,10,1,0.281068009522,0.449203673205
10,11,1,0.182752389488,0.272461594316
10,12,1,0.486090408737,0.860321482636
10,13,1,0.405036893187,0.668858617237
10,14,1,0.243373092677,0.310456044607
10,15,1,0.198913378147,0.279746422769
10,16,1,0.288241802281,0.480320317791
10,17,1,0.226908823781,0.449203673205
10,18,1,0.122692825266,0.201846230820
10,19,1,0.207048055568,0.310456044607
10,20,1,0.075042805051,0.106118925462
10,21,1,0.039080846740,0.058565285340
10,22,1,0.238420440041,0.423027368250
10,23,1,0.434608226109,0.738527166121
10,24,1,0.185925179609,0.272461594316
10,25,1,0.352813071127,0.640000000000
10,26,1,0.114688858340,0.201846230820
10,27,1,0.141459272362,0.201846230820
10,28,1,0.267674221350,0.423027368250
10,29,1,0.164027326847,0.218882139378
10,30,1,0.140905979370,0.229548729173
10,31,1,0.140568321332,0.218882139378
10,32,1,0.103377842649,0.140945293392
10,33,1,0.244573361427,0.449203673205
10,34,1,0.563023401196,1.061117860622
10,35,1,0.293575318172,0.449203673205
10,36,1,0.206821017419,0.272461594316
10,37,1,0.251775657417,0.419678517364
10,38,1,0.270518727684,0.419678517364
10,39,1,0.099667433417,0.140945293392
10,40,1,0.128315445003,0.201846230820
10,41,1,0.273598595725,0.449203673205
10,42,1,0.336835106363,0.480320317791
10,43,1,0.392701177744,0.640000000000
10,44,1,0.400389308109,0.640000000000
10,45,1,0.214746547171,0.272461594316
10,46,1,0.294080854287,0.438907241185
10,47,1,0.307584151354,0.449203673205
10,48,1,0.231818426966,0.340647360197
10,49,1,0.329407236437,0.449203673205
10,50,1,0.248186127988,0.391087301894
10,51,1,0.286781764001,0.449203673205
10,52,1,0.189616470902,0.279746422769
10,53,1,0.323516906009,0.625945752094
10,54,1,0.260679496072,0.449203673205
10,55,1,0.206073891893,0.340647360197
10,56,1,0.233989693501,0.367041134888
10,57,1,0.253046399503,0.449203673205
10,58,1,0.398890270645,0.738527166121
10,59,1,0.254807080984,0.449203673205
10,60,1,0.357779280575,0.640000000000
10,61,1,0.217726358482,0.393801209620
10,62,1,0.218708556891,0.340647360197
10,63,1,0.287882399619,0.438907241185
10,64,1,0.297575048962,0.419678517364
10,65,1,0.169081197752,0.279746422769
10,66,1,0.175995368107,0.229548729173
10,67,1,0.200428427970,0.279746422769
10,68,1,0.182688174667,0.282754211887
10,69,1,0.634149657079,1.061117860622
10,70,1,0.214729407883,0.391087301894
10,71,1,0.385152462488,0.640000000000
10,72,1,0.211900589059,0.279746422769
10,73,1,0.103022944720,0.201846230820
10,74,1,0.122153895732,0.171136608983
10,75,1,0.234534299350,0.449203673205
10,76,1,0.306804621199,0.587711579052
10,77,1,0.265770004856,0.438907241185
10,78,1,0.236703657573,0.367041134888
10,79,1,0.234578833156,0.419678517364
10,80,1,0.257261671549,0.449203673205
10,81,1,0.146137896203,0.218882139378
10,82,1,0.330122651379,0.640000000000
10,83,1,0.169192925256,0.279746422769
10,84,1,0.158502837711,0.218882139378
10,85,1,0.275296750951,0.419678517364
10,86,1,0.115643179737,0.159880180289
10,87,1,0.231982771046,0.449203673205
10,88,1,0.260087266608,0.449203673205
10,89,1,0.289391185935,0.419678517364
10,90,1,0.327501578498,0.419678517364
10,91,1,0.216938123394,0.419678517364
10,92,1,0.235170146273,0.279746422769
10,93,1,0.350377157292,0.640000000000
10,94,1,0.282927134587,0.449203673205
10,95,1,0.200661056234,0.272461594316
10,96,1,0.359083063875,0.640000000000
10,97,1,0.441776088954,0.738527166121
10,98,1,0.117554854917,0.140945293392
10,99,1,0.180175339357,0.310456044607
10,100,1,0.239708814475,0.449203673205
10,101,1,0.382465965011,0.480320317791
10,102,1,0.249818588795,0.367041134888
10,103,1,0.225191480788,0.367041134888
10,104,1,0.270874379139,0.391087301894
10,105,1,0.132872814887,0.201846230820
10,106,1,0.324599621523,0.438907241185
10,107,1,0.119891775809,0.201846230820
10,108,1,0.292334896352,0.423027368250
10,109,1,0.343170209603,0.640000000000
10,110,1,0.097605053655,0.140945293392
10,111,1,0.295090949973,0.393801209620
10,112,1,0.284971876161,0.529995690131
10,113,1,0.184085532659,0.218882139378
10,114,1,0.314388017698,0.423027368250
10,115,1,0.230837401446,0.391087301894
10,116,1,0.375729357702,0.529995690131
10,117,1,0.311437955726,0.480320317791
10,118,1,0.213593829748,0.367041134888
10,119,1,0.227471476641,0.282754211887
10,120,1,0.326145058926,0.438907241185
10,121,1,0.293575318172,0.449203673205
10,122,1,0.248339857502,0.449203673205
10,123,1,0.372973228078,0.640000000000
10,124,1,0.397032813960,0.738527166121
10,125,1,0.173370382673,0.272461594316
10,126,1,0.088218535110,0.140945293392
10,127,1,0.177962869499,0.279746422769
10,128,1,0.221861289411,0.391087301894
10,129,1,0.477335290716,0.930796326795
10,130,1,0.276248960505,0.419678517364
10,131,1,0.200132958917,0.310456044607
10,132,1,0.227259706980,0.367041134888
10,133,1,0.515311964377,0.668858617237
10,134,1,0.286336548936,0.367041134888
10,135,1,0.508778863080,0.764346865476
10,136,1,0.256768776543,0.391087301894
10,137,1,0.152359329708,0.272461594316
10,138,1,0.659203361788,1.150406490332
10,139,1,0.361183778322,0.480320317791
10,140,1,0.223696519891,0.419678517364
10,141,1,0.332340161865,0.419678517364
10,142,1,0.296861369352,0.340647360197
10,143,1,0.424417649981,0.711141382763
10,144,1,0.385084300495,0.449203673205
10,145,1,0.160439728889,0.201846230820
10,146,1,0.127998693069,0.171136608983
10,147,1,0.333706443973,0.449203673205
10,148,1,0.259108453714,0.340647360197
10,149,1,0.192597950188,0.279746422769
10,150,1,0.487142409378,0.912958865112
10,151,1,0.240429694836,0.310456044607
10,152,1,0.190363542225,0.340647360197
10,153,1,0.241489925648,0.449203673205
10,154,1,0.342397355452,0.449203673205
10,155,1,0.275296750951,0.419678517364
10,156,1,0.275470025692,0.438907241185
10,157,1,0.307720575625,0.449203673205
10,158,1,0.188666018004,0.282754211887
10,159,1,0.151103466768,0.218882139378
10,160,1,0.245143275323,0.340647360197
10,161,1,0.200877172514,0.282754211887
10,162,1,0.230108030052,0.449203673205
10,163,1,0.320504988074,0.510844908376
10,164,1,0.236538757990,0.423027368250
10,165,1,0.231412214542,0.367041134888
10,166,1,0.332545944746,0.611186163258
10,167,1,0.080485743206,0.090505351695
10,168,1,0.233283151545,0.449203673205
10,169,1,0.250441320978,0.340647360197
10,170,1,0.274529617690,0.423027368250
10,171,1,0.258289623635,0.340647360197
10,172,1,0.227955810241,0.279746422769
10,173,1,0.094620967501,0.140945293392
10,174,1,0.286634870990,0.419678517364
10,175,1,0.204795658705,0.279746422769
10,176,1,0.221734737340,0.279746422769
10,177,1,0.271670792882,0.449203673205
10,178,1,0.245532418056,0.279746422769
10,179,1,0.152049934761,0.272461594316
10,180,1,0.237000212974,0.393801209620
10,181,1,0.161090470203,0.229548729173
10,182,1,0.348664514733,0.625945752094
10,183,1,0.217075481551,0.279746422769
10,184,1,0.259414630725,0.367041134888
10,185,1,0.338810389647,0.625945752094
10,186,1,0.261241650267,0.449203673205
10,187,1,0.359135686455,0.640000000000
10,188,1,0.192827715856,0.272461594316
10,189,1,0.231376347692,0.449203673205
10,190,1,0.161322233353,0.279746422769
10,191,1,0.252441162297,0.340647360197
10,192,1,0.430768551557,0.640000000000
10,193,1,0.296817153750,0.449203673205
10,194,1,0.270518727684,0.419678517364
10,195,1,0.224303126787,0.419678517364
10,196,1,0.355495510946,0.640000000000
10,197,1,0.270029217126,0.449203673205
10,198,1,0.198609742199,0.367041134888
10,199,1,0.228789603701,0.449203673205
10,200,1,0.265700241747,0.449203673205
10,201,1,0.345271648651,0.449203673205
10,202,1,0.172333053402,0.218882139378
10,203,1,0.202256392482,0.367041134888
10,204,1,0.284121784916,0.438907241185
10,205,1,0.267942292565,0.449203673205
10,206,1,0.252605656729,0.449203673205
10,207,1,0.143888764591,0.201846230820
10,208,1,0.155429299296,0.229548729173
10,209,1,0.158871552992,0.272461594316
10,210,1,0.106960849946,0.201846230820
10,211,1,0.199740144518,0.367041134888
10,212,1,0.292649592954,0.393801209620
10,213,1,0.179152479256,0.218882139378
10,214,1,0.359815557806,0.423027368250
10,215,1,0.142635064900,0.218882139378
10,216,1,0.295937152515,0.510844908376
10,217,1,0.284575006084,0.367041134888
10,218,1,0.170828853197,0.229548729173
10,219,1,0.222362793556,0.438907241185
10,220,1,0.228260674030,0.272461594316
10,221,1,0.070609942762,0.106118925462
10,222,1,0.249618610843,0.282754211887
10,223,1,0.198549063083,0.282754211887
10,224,1,0.239822900066,0.423027368250
10,225,1,0.260536660383,0.449203673205
10,226,1,0.373099230145,0.738527166121
10,227,1,0.268839952731,0.480320317791
10,228,1,0.316618486281,0.423027368250
10,229,1,0.360117002637,0.641472833879
10,230,1,0.264411958923,0.419678517364
10,231,1,0.341134565612,0.640000000000
10,232,1,0.370949003875,0.625945752094
10,233,1,0.132729491188,0.201846230820
10,234,1,0.275919715792,0.423027368250
10,235,1,0.336340972684,0.449203673205
10,236,1,0.325970138479,0.640000000000
10,237,1,0.323623884233,0.449203673205
10,238,1,0.168923418187,0.310456044607
10,239,1,0.178121855437,0.340647360197
10,240,1,0.220194470105,0.279746422769
10,241,1,0.155896058224,0.218882139378
10,242,1,0.377065864852,0.668858617237
10,243,1,0.269339184684,0.367041134888
10,244,1,0.326603384591,0.449203673205
10,245,1,0.298685323228,0.438907241185
10,246,1,0.241406433250,0.419678517364
10,247,1,0.307752238470,0.438907241185
10,248,1,0.243342675249,0.340647360197
10,249,1,0.225739155341,0.279746422769
10,250,1,0.325637995593,0.449203673205
10,251,1,0.350721741353,0.640000000000
10,252,1,0.128315445003,0.201846230820
10,253,1,0.137454498598,0.229548729173
10,254,1,0.245143275323,0.340647360197
10,255,1,0.216141758993,0.229548729173
10,256,1,0.192348334178,0.279746422769
10,257,1,0.090907267744,0.106118925462
10,258,1,0.066876130541,0.106118925462
10,259,1,0.268956884957,0.340647360197
10,260,1,0.218847385262,0.367041134888
10,261,1,0.452644268567,0.764346865476
10,262,1,0.473683496662,0.700474792968
10,263,1,0.152301153303,0.229548729173
10,264,1,0.384749451840,0.611186163258
10,265,1,0.107612396903,0.171136608983
10,266,1,0.354453516008,0.640000000000
10,267,1,0.187888525211,0.279746422769
10,268,1,0.278523251985,0.449203673205
10,269,1,0.216732731880,0.340647360197
10,270,1,0.106895938385,0.140945293392
10,271,1,0.247158605043,0.449203673205
10,272,1,0.241753949903,0.367041134888
10,273,1,0.178879229693,0.279746422769
10,274,1,0.277924857836,0.480320317791
10,275,1,0.347566826664,0.419678517364
10,276,1,0.498401421703,0.869155091624
10,277,1,0.190107372843,0.279746422769
10,278,1,0.268358675369,0.449203673205
10,279,1,0.161978089966,0.310456044607
10,280,1,0.118626213687,0.201846230820
10,281,1,0.374496370705,0.449203673205
10,282,1,0.228360455779,0.279746422769
10,283,1,0.187888525211,0.279746422769
10,284,1,0.503674223075,0.869155091624
10,285,1,0.347154646275,0.611186163258
10,286,1,0.201018735508,0.282754211887
10,287,1,0.475734494617,0.640000000000
10,288,1,0.216087325298,0.279746422769
10,289,1,0.580484550391,1.121592653590
10,290,1,0.336830864429,0.449203673205
10,291,1,0.615586730734,1.121592653590
10,292,1,0.349540904009,0.640000000000
10,293,1,0.716578072740,1.281272335799
10,294,1,0.442687703871,0.641472833879
10,295,1,0.244297555717,0.340647360197
10,296,1,0.330031486083,0.423027368250
10,297,1,0.127370584990,0.201846230820
10,298,1,0.179837426825,0.279746422769
10,299,1,0.064722232595,0.090505351695
25,0,1,0.138744312771,0.201846230820
25,1,1,0.094522747811,0.146353706341
25,2,1,0.148807100555,0.227021675286
25,3,1,0.167424754672,0.251209515764
25,4,1,0.223275734425,0.410395838626
25,5,1,0.213901849690,0.279746422769
25,6,1,0.134226967483,0.209455121550
25,7,1,0.113251749936,0.218384591616
25,8,1,0.297717080550,0.591352108046
25,9,1,0.244088356340,0.279746422769
25,10,1,0.125573832811,0.224942809192
25,11,1,0.134652425869,0.218384591616
25,12,1,0.141419739226,0.204179838454
25,13,1,0.306772980151,0.529995690131
25,14,1,0.105192387559,0.152310083540
25,15,1,0.210727910645,0.329668043725
25,16,1,0.258044492494,0.419678517364
25,17,1,0.089790341813,0.134214319992
25,18,1,0.143495566031,0.256649844398
25,19,1,0.108372624284,0.192554908440
25,20,1,0.141783857833,0.218156498650
25,21,1,0.107026417241,0.201846230820
25,22,1,0.126069695031,0.218156498650
25,23,1,0.259329686522,0.402236735494
25,24,1,0.133273974637,0.204179838454
25,25,1,0.189193546949,0.248719661443
25,26,1,0.101878896993,0.138149463714
25,27,1,0.182236414019,0.248719661443
25,28,1,0.125627838245,0.192554908440
25,29,1,0.085691784758,0.148318982550
25,30,1,0.068070017343,0.113022519199
25,31,1,0.189926757600,0.322313603017
25,32,1,0.134140496374,0.204179838454
25,33,1,0.353992480572,0.693272643538
25,34,1,0.150679225700,0.201846230820
25,35,1,0.162752643100,0.322313603017
25,36,1,0.098045121334,0.152310083540
25,37,1,0.124643141338,0.227021675286
25,38,1,0.062120983835,0.109525891401
25,39,1,0.137240186173,0.201846230820
25,40,1,0.282252867869,0.379445395929
25,41,1,0.206475188634,0.248719661443
25,42,1,0.117727206885,0.151924609865
25,43,1,0.159224974070,0.248719661443
25,44,1,0.094049323352,0.149956210216
25,45,1,0.160785880616,0.282754211887
25,46,1,0.107982293948,0.192554908440
25,47,1,0.148735855551,0.239697874138
25,48,1,0.083486742458,0.131348682838
25,49,1,0.178439740925,0.322313603017
25,50,1,0.069970834484,0.099279052792
25,51,1,0.196927707894,0.351174309498
25,52,1,0.149223897921,0.201846230820
25,53,1,0.120229266433,0.201846230820
25,54,1,0.194458823698,0.353430810052
25,55,1,0.100404570590,0.131348682838
25,56,1,0.213620071656,0.382313600798
25,57,1,0.257229261399,0.410395838626
25,58,1,0.122093560791,0.183823006098
25,59,1,0.191208349353,0.333244251470
25,60,1,0.173132160394,0.283695667738
25,61,1,0.117987099573,0.152310083540
25,62,1,0.196992860555,0.279746422769
25,63,1,0.190519971623,0.311540858639
25,64,1,0.127507549125,0.201846230820
25,65,1,0.175926690988,0.197896985852
25,66,1,0.109504454151,0.201846230820
25,67,1,0.082176783225,0.159880180289
25,68,1,0.141604127598,0.239697874138
25,69,1,0.129496702290,0.207963685239
25,70,1,0.124486436887,0.182205073824
25,71,1,0.068618359941,0.113022519199
25,72,1,0.206405184073,0.362990305407
25,73,1,0.169701376489,0.201846230820
25,74,1,0.100700472078,0.118602348183
25,75,1,0.162460410660,0.239697874138
25,76,1,0.127540836679,0.239697874138
25,77,1,0.107812119488,0.192554908440
25,78,1,0.150115770683,0.224942809192
25,79,1,0.187983516745,0.333244251470
25,80,1,0.103754924063,0.186391308879
25,81,1,0.097620684766,0.151924609865
25,82,1,0.132573213804,0.164885177960
25,83,1,0.184209797500,0.239697874138
25,84,1,0.159609405834,0.201846230820
25,85,1,0.261692963291,0.494966623951
25,86,1,0.190427955284,0.239697874138
25,87,1,0.188417602897,0.282754211887
25,88,1,0.082580091477,0.109525891401
25,89,1,0.087293416183,0.118602348183
25,90,1,0.110977776610,0.147084662865
25,91,1,0.184167596850,0.333244251470
25,92,1,0.151430521450,0.183823006098
25,93,1,0.115034609872,0.176744969166
25,94,1,0.105097098991,0.130418344092
25,95,1,0.085036262749,0.148318982550
25,96,1,0.077821701027,0.118602348183
25,97,1,0.150197985357,0.248719661443
25,98,1,0.263225386353,0.402236735494
25,99,1,0.172572090421,0.251209515764
25,100,1,0.101275245420,0.183823006098
25,101,1,0.201883532200,0.316707475630
25,102,1,0.126668011266,0.201846230820
25,103,1,0.088894319912,0.164885177960
25,104,1,0.163910501018,0.201846230820
25,105,1,0.145447816154,0.201846230820
25,106,1,0.139728073196,0.201846230820
25,107,1,0.092273696652,0.156479728045
25,108,1,0.130878625646,0.218384591616
25,109,1,0.200349485055,0.377065286520
25,110,1,0.119022188654,0.201846230820
25,111,1,0.214800610418,0.380616919026
25,112,1,0.096839744711,0.152310083540
25,113,1,0.205143313084,0.342207555641
25,114,1,0.098179444111,0.182205073824
25,115,1,0.138713321651,0.256649844398
25,116,1,0.027240973477,0.049016789536
25,117,1,0.119469705687,0.192554908440
25,118,1,0.227081595371,0.279746422769
25,119,1,0.099089597994,0.183823006098
25,120,1,0.087359595487,0.151924609865
25,121,1,0.283890539281,0.402236735494
25,122,1,0.132152372074,0.201846230820
25,123,1,0.169836269407,0.279746422769
25,124,1,0.120968956500,0.218384591616
25,125,1,0.177264988331,0.224942809192
25,126,1,0.111952444712,0.192554908440
25,127,1,0.117113078380,0.218384591616
25,128,1,0.221423049625,0.316707475630
25,129,1,0.116183300034,0.131348682838
25,130,1,0.166799116193,0.322313603017
25,131,1,0.171122550332,0.239697874138
25,132,1,0.269340011433,0.397665080554
25,133,1,0.063160776523,0.083676331033
25,134,1,0.140680459889,0.192349912422
25,135,1,0.196254381274,0.263436154940
25,136,1,0.099180679326,0.159880180289
25,137,1,0.111664293486,0.146353706341
25,138,1,0.197743790896,0.342447664595
25,139,1,0.079773636805,0.109525891401
25,140,1,0.177591129350,0.333244251470
25,141,1,0.106296519477,0.146353706341
25,142,1,0.181700583044,0.336168115561
25,143,1,0.227865778135,0.333244251470
25,144,1,0.114801074304,0.151924609865
25,145,1,0.137926736369,0.257452261513
25,146,1,0.199313966717,0.282754211887
25,147,1,0.190081388649,0.282754211887
25,148,1,0.213791302468,0.322313603017
25,149,1,0.124841731771,0.164885177960
25,150,1,0.171168499603,0.239697874138
25,151,1,0.090346500616,0.130418344092
25,152,1,0.263097015523,0.465000441958
25,153,1,0.160496353105,0.248719661443
25,154,1,0.253512529209,0.410395838626
25,155,1,0.153328194476,0.279746422769
25,156,1,0.070357062358,0.083927573035
25,157,1,0.061625498681,0.078181532060
25,158,1,0.178456590465,0.279746422769
25,159,1,0.103639686209,0.164885177960
25,160,1,0.155342139524,0.279746422769
25,161,1,0.300286009412,0.484909633633
25,162,1,0.130007075307,0.239697874138
25,163,1,0.126800803314,0.164885177960
25,164,1,0.111224299599,0.148318982550
25,165,1,0.236093848866,0.379445395929
25,166,1,0.273989242456,0.484909633633
25,167,1,0.178966890635,0.333244251470
25,168,1,0.161932821449,0.279746422769
25,169,1,0.183445328014,0.257452261513
25,170,1,0.153056653308,0.272137532039
25,171,1,0.247941793741,0.467823630008
25,172,1,0.111921530499,0.156479728045
25,173,1,0.181903549701,0.201846230820
25,174,1,0.181178027846,0.272461594316
25,175,1,0.142891556637,0.230383137826
25,176,1,0.073980456520,0.099279052792
25,177,1,0.058386036545,0.083676331033
25,178,1,0.125170825266,0.159880180289
25,179,1,0.125314223221,0.186391308879
25,180,1,0.350412015660,0.640955084897
25,181,1,0.248705251070,0.410395838626
25,182,1,0.169101027983,0.309122669125
25,183,1,0.060671720106,0.109525891401
25,184,1,0.278147255928,0.488011507784
25,185,1,0.273310867753,0.463351742172
25,186,1,0.108339140638,0.201846230820
25,187,1,0.294078884507,0.446945349952
25,188,1,0.177558973094,0.336168115561
25,189,1,0.151757320267,0.218384591616
25,190,1,0.130074258830,0.197896985852
25,191,1,0.077235981847,0.113022519199
25,192,1,0.260859915429,0.406704110173
25,193,1,0.202210287440,0.331636443373
25,194,1,0.159570646550,0.279746422769
25,195,1,0.233021959111,0.279746422769
25,196,1,0.113485790014,0.156479728045
25,197,1,0.246285820527,0.385202018135
25,198,1,0.124637197961,0.186391308879
25,199,1,0.249124914947,0.494966623951
25,200,1,0.271983862708,0.413448893040
25,201,1,0.067728129950,0.096832772648
25,202,1,0.169170025378,0.218156498650
25,203,1,0.168557524627,0.245965483816
25,204,1,0.203946367161,0.316707475630
25,205,1,0.177041059910,0.304847684424
25,206,1,0.061845351115,0.096536543021
25,207,1,0.143817843294,0.207963685239
25,208,1,0.139662434683,0.227021675286
25,209,1,0.198115981857,0.295201344711
25,210,1,0.090146795206,0.139385097949
25,211,1,0.110242797417,0.192554908440
25,212,1,0.142257720206,0.227021675286
25,213,1,0.155588240719,0.248719661443
25,214,1,0.194409926949,0.321840040258
25,215,1,0.190705161714,0.351174309498
25,216,1,0.143317367888,0.224942809192
25,217,1,0.127055850628,0.201846230820
25,218,1,0.186564910441,0.257452261513
25,219,1,0.223884282176,0.342207555641
25,220,1,0.120786005222,0.201846230820
25,221,1,0.196254449847,0.263436154940
25,222,1,0.167176532118,0.279746422769
25,223,1,0.065511929152,0.083927573035
25,224,1,0.189950278947,0.309122669125
25,225,1,0.092911330560,0.146353706341
25,226,1,0.224820913899,0.256804621437
25,227,1,0.089944050483,0.146353706341
25,228,1,0.263470806610,0.484909633633
25,229,1,0.169947689919,0.321840040258
25,230,1,0.133589458623,0.227021675286
25,231,1,0.139208647580,0.218384591616
25,232,1,0.168017467765,0.256804621437
25,233,1,0.249083017083,0.382313600798
25,234,1,0.074211727107,0.096390635455
25,235,1,0.120480791296,0.192349912422
25,236,1,0.175571156495,0.218156498650
25,237,1,0.164585437483,0.272461594316
25,238,1,0.053086150014,0.083676331033
25,239,1,0.307243098894,0.565163094941
25,240,1,0.069601361660,0.113022519199
25,241,1,0.200468256353,0.379445395929
25,242,1,0.192561018732,0.347378333597
25,243,1,0.288950675861,0.402236735494
25,244,1,0.395475076154,0.738527166121
25,245,1,0.137308752320,0.186391308879
25,246,1,0.171539909326,0.282754211887
25,247,1,0.279383731795,0.494966623951
25,248,1,0.226943597528,0.379445395929
25,249,1,0.199507464873,0.379445395929
25,250,1,0.164040314283,0.279746422769
25,251,1,0.217648088655,0.401212919813
25,252,1,0.129329979734,0.183823006098
25,253,1,0.124921131478,0.182205073824
25,254,1,0.121652098026,0.201846230820
25,255,1,0.080992784254,0.113022519199
25,256,1,0.157562788477,0.201846230820
25,257,1,0.147987577611,0.239697874138
25,258,1,0.170630030589,0.239697874138
25,259,1,0.074631783391,0.118602348183
25,260,1,0.185868589556,0.353430810052
25,261,1,0.055222038495,0.104871189028
25,262,1,0.104468308836,0.164885177960
25,263,1,0.088111901739,0.138149463714
25,264,1,0.116797184627,0.192554908440
25,265,1,0.132759218708,0.201846230820
25,266,1,0.232234304443,0.403411121530
25,267,1,0.297035491435,0.574225311155
25,268,1,0.128186069724,0.164885177960
25,269,1,0.169518809035,0.239697874138
25,270,1,0.140539228946,0.192554908440
25,271,1,0.168027148791,0.256649844398
25,272,1,0.256034139226,0.309122669125
25,273,1,0.148756830721,0.256804621437
25,274,1,0.212697309038,0.316707475630
25,275,1,0.162009383720,0.292895939440
25,276,1,0.160064593424,0.209455121550
25,277,1,0.263695096271,0.322313603017
25,278,1,0.107132619479,0.159880180289
25,279,1,0.228604259756,0.321840040258
25,280,1,0.183794761693,0.309122669125
25,281,1,0.085492315304,0.151924609865
25,282,1,0.190403707626,0.282754211887
25,283,1,0.196396672516,0.279746422769
25,284,1,0.239694627577,0.316707475630
25,285,1,0.281865586746,0.410395838626
25,286,1,0.161681015401,0.218156498650
25,287,1,0.189206412789,0.309122669125
25,288,1,0.123071977067,0.176744969166
25,289,1,0.203148069794,0.304847684424
25,290,1,0.185856799499,0.248719661443
25,291,1,0.191064516170,0.257452261513
25,292,1,0.217713760688,0.321840040258
25,293,1,0.137774687805,0.201846230820
25,294,1,0.279582144102,0.517790427384
25,295,1,0.246168592450,0.322313603017
25,296,1,0.096055817767,0.151924609865
25,297,1,0.167390391313,0.194389580374
25,298,1,0.157950407170,0.282754211887
25,299,1,0.144038193172,0.201846230820
50,0,1,0.110892538657,0.194398551325
50,1,1,0.098741627494,0.173234660953
50,2,1,0.081414926384,0.135209073271
50,3,1,0.097768458048,0.172355048161
50,4,1,0.074486436112,0.091683095825
50,5,1,0.106244471824,0.192554908440
50,6,1,0.095840666708,0.171642154948
50,7,1,0.130317344502,0.159880180289
50,8,1,0.083986246324,0.140945293392
50,9,1,0.046791758325,0.058565285340
50,10,1,0.171048078481,0.277478401414
50,11,1,0.086461452473,0.116058248322
50,12,1,0.116765089905,0.200079719164
50,13,1,0.085367969627,0.159880180289
50,14,1,0.035739928699,0.068143760550
50,15,1,0.094608478610,0.173234660953
50,16,1,0.140268897983,0.183823006098
50,17,1,0.139673057330,0.190568951635
50,18,1,0.124499236190,0.221747269526
50,19,1,0.132826165767,0.204114252176
50,20,1,0.101625987238,0.169183748410
50,21,1,0.081886010062,0.113022519199
50,22,1,0.080366583635,0.131348682838
50,23,1,0.192689908268,0.295922535365
50,24,1,0.124348139573,0.227021675286
50,25,1,0.077109842761,0.129593509668
50,26,1,0.162743118990,0.247820624792
50,27,1,0.083010322117,0.098217017086
50,28,1,0.104101063598,0.130418344092
50,29,1,0.091672052277,0.164885177960
50,30,1,0.119297939308,0.224942809192
50,31,1,0.131676365871,0.230137137564
50,32,1,0.136514286234,0.172355048161
50,33,1,0.115461662551,0.210301689705
50,34,1,0.087135741702,0.121284687832
50,35,1,0.082240744893,0.106118925462
50,36,1,0.149678683888,0.248874957415
50,37,1,0.093481659574,0.129593509668
50,38,1,0.077042156386,0.129593509668
50,39,1,0.108341824731,0.199382901837
50,40,1,0.162743299676,0.253787741738
50,41,1,0.055052438378,0.087791443970
50,42,1,0.102867049855,0.174332982336
50,43,1,0.065606363927,0.129593509668
50,44,1,0.071998390882,0.110833309444
50,45,1,0.082632727443,0.111252574730
50,46,1,0.105603794626,0.159880180289
50,47,1,0.106846265158,0.183823006098
50,48,1,0.081134265329,0.152310083540
50,49,1,0.118376907146,0.152310083540
50,50,1,0.066484651948,0.077899827630
50,51,1,0.126085542469,0.218882139378
50,52,1,0.103000617522,0.143075015009
50,53,1,0.141490419617,0.218384591616
50,54,1,0.149773383789,0.227021675286
50,55,1,0.070962359933,0.129593509668
50,56,1,0.117324183386,0.164885177960
50,57,1,0.210037228815,0.396112348307
50,58,1,0.091275469890,0.148248308429
50,59,1,0.096658185029,0.172355048161
50,60,1,0.112401688497,0.214092451146
50,61,1,0.130298442387,0.177056246337
50,62,1,0.101196951830,0.171642154948
50,63,1,0.129780739251,0.251209515764
50,64,1,0.110212253404,0.154310962529
50,65,1,0.118375546412,0.210435628926
50,66,1,0.104963911725,0.143075015009
50,67,1,0.132793002646,0.195591567190
50,68,1,0.072558027810,0.111252574730
50,69,1,0.056224730925,0.111252574730
50,70,1,0.106102342747,0.186917072658
50,71,1,0.073648331279,0.098217017086
50,72,1,0.071435911479,0.120717088913
50,73,1,0.085209795539,0.143075015009
50,74,1,0.136415019046,0.224942809192
50,75,1,0.138307778661,0.248719661443
50,76,1,0.076079116401,0.129593509668
50,77,1,0.075162334546,0.140945293392
50,78,1,0.197980132318,0.310456044607
50,79,1,0.080206330077,0.109481921338
50,80,1,0.079584865405,0.120717088913
50,81,1,0.175355558634,0.315909320785
50,82,1,0.104966811960,0.149956210216
50,83,1,0.113993066214,0.160778221149
50,84,1,0.129318467708,0.231844908708
50,85,1,0.098828267958,0.173234660953
50,86,1,0.053798707775,0.079596067096
50,87,1,0.164305397266,0.272461594316
50,88,1,0.113000896089,0.177549263214
50,89,1,0.078447597661,0.120717088913
50,90,1,0.105455944847,0.174332982336
50,91,1,0.075695609016,0.146264149089
50,92,1,0.053702094837,0.078181532060
50,93,1,0.098210285962,0.146264149089
50,94,1,0.132999916043,0.174915753339
50,95,1,0.083290020302,0.118602348183
50,96,1,0.108516183923,0.171136608983
50,97,1,0.107285990547,0.157873929739
50,98,1,0.099572930631,0.173234660953
50,99,1,0.107358327939,0.186917072658
50,100,1,0.123689172228,0.172355048161
50,101,1,0.137838310422,0.184910665404
50,102,1,0.062373547881,0.087791443970
50,103,1,0.058937105315,0.091683095825
50,104,1,0.203153547330,0.280715668392
50,105,1,0.149944298579,0.210435628926
50,106,1,0.106644912847,0.130418344092
50,107,1,0.098230502211,0.139385097949
50,108,1,0.034394289914,0.055807541645
50,109,1,0.073904216630,0.110833309444
50,110,1,0.060680705537,0.099279052792
50,111,1,0.173305588998,0.315909320785
50,112,1,0.100115997868,0.146353706341
50,113,1,0.148501540263,0.227804911852
50,114,1,0.123510231503,0.210435628926
50,115,1,0.087027104536,0.149286227465
50,116,1,0.103940943717,0.124896931432
50,117,1,0.148662866461,0.227021675286
50,118,1,0.140994241029,0.165820695053
50,119,1,0.071254003408,0.111252574730
50,120,1,0.111385122154,0.140945293392
50,121,1,0.102196524441,0.110833309444
50,122,1,0.078131109589,0.106118925462
50,123,1,0.167375759742,0.263622611963
50,124,1,0.047233799558,0.058565285340
50,125,1,0.216189791371,0.322313603017
50,126,1,0.084283245447,0.129593509668
50,127,1,0.213772397325,0.248962592113
50,128,1,0.076350965306,0.132789589892
50,129,1,0.176152580895,0.248962592113
50,130,1,0.067166271504,0.087984506126
50,131,1,0.118878457628,0.181804327047
50,132,1,0.104356877886,0.118602348183
50,133,1,0.087507155013,0.148318982550
50,134,1,0.132541989426,0.204114252176
50,135,1,0.100932474675,0.178208323950
50,136,1,0.082677077367,0.148318982550
50,137,1,0.088666014421,0.169687704677
50,138,1,0.093293119340,0.124896931432
50,139,1,0.116043783782,0.227804911852
50,140,1,0.142058126338,0.236787804031
50,141,1,0.094890966270,0.172355048161
50,142,1,0.107724644802,0.135209073271
50,143,1,0.102574145183,0.131348682838
50,144,1,0.126112894694,0.177549263214
50,145,1,0.129900483715,0.190568951635
50,146,1,0.147368564137,0.257452261513
50,147,1,0.122279837392,0.171136608983
50,148,1,0.110146923087,0.201846230820
50,149,1,0.113182087528,0.192554908440
50,150,1,0.086921014645,0.146264149089
50,151,1,0.081694789529,0.109481921338
50,152,1,0.119299102405,0.229548729173
50,153,1,0.076921735290,0.098937765042
50,154,1,0.081466277201,0.131348682838
50,155,1,0.186923739118,0.282754211887
50,156,1,0.064119015027,0.090505351695
50,157,1,0.121710479327,0.201846230820
50,158,1,0.089314156178,0.143075015009
50,159,1,0.094028172021,0.150122377365
50,160,1,0.068048133356,0.098937765042
50,161,1,0.089244376791,0.135209073271
50,162,1,0.078355020634,0.106118925462
50,163,1,0.216532508534,0.343600205964
50,164,1,0.066730072142,0.083486784982
50,165,1,0.080636842644,0.109525891401
50,166,1,0.169681622193,0.259845384064
50,167,1,0.051441478643,0.091683095825
50,168,1,0.144920646367,0.272461594316
50,169,1,0.049335004204,0.076730663185
50,170,1,0.131968955906,0.149956210216
50,171,1,0.151710941296,0.192554908440
50,172,1,0.144531311616,0.243114471703
50,173,1,0.101078553936,0.184910665404
50,174,1,0.144333070273,0.192554908440
50,175,1,0.118816111869,0.177549263214
50,176,1,0.118140443705,0.227021675286
50,177,1,0.204635109325,0.342207555641
50,178,1,0.058941604015,0.083927573035
50,179,1,0.062515565772,0.104932763070
50,180,1,0.083081703834,0.116058248322
50,181,1,0.191482002366,0.253306849439
50,182,1,0.059243381335,0.096390635455
50,183,1,0.135035278038,0.172355048161
50,184,1,0.089386329646,0.171136608983
50,185,1,0.200589838311,0.295922535365
50,186,1,0.116647969708,0.218384591616
50,187,1,0.080507385828,0.109481921338
50,188,1,0.158211446065,0.210435628926
50,189,1,0.171490967759,0.263366941773
50,190,1,0.133560871881,0.230137137564
50,191,1,0.076799958772,0.146353706341
50,192,1,0.101615963164,0.146353706341
50,193,1,0.090754605810,0.143873148263
50,194,1,0.051261613452,0.097721932706
50,195,1,0.132650544558,0.227021675286
50,196,1,0.163460950863,0.281512934426
50,197,1,0.076416245027,0.089546045106
50,198,1,0.090057604833,0.129593509668
50,199,1,0.154608846262,0.221747269526
50,200,1,0.080818256137,0.143873148263
50,201,1,0.188262855041,0.263622611963
50,202,1,0.105839931791,0.201846230820
50,203,1,0.093788860816,0.129593509668
50,204,1,0.094345426893,0.150122377365
50,205,1,0.116217762323,0.148318982550
50,206,1,0.121116793196,0.227021675286
50,207,1,0.079166414858,0.148248308429
50,208,1,0.090614782864,0.148248308429
50,209,1,0.073218099239,0.129593509668
50,210,1,0.122786884278,0.224942809192
50,211,1,0.109990380406,0.157873929739
50,212,1,0.124659430779,0.228613290245
50,213,1,0.085232997000,0.124896931432
50,214,1,0.087900295307,0.148248308429
50,215,1,0.153271268451,0.263436154940
50,216,1,0.053683201634,0.067573921564
50,217,1,0.182633382846,0.272461594316
50,218,1,0.081914202792,0.099279052792
50,219,1,0.145263722183,0.204114252176
50,220,1,0.037010277133,0.049862371309
50,221,1,0.120507933639,0.206048438910
50,222,1,0.137636028210,0.169183748410
50,223,1,0.118940636093,0.152310083540
50,224,1,0.124388690108,0.199420686000
50,225,1,0.100168195001,0.152310083540
50,226,1,0.111871008803,0.152310083540
50,227,1,0.134104822016,0.206048438910
50,228,1,0.072248004304,0.101415264293
50,229,1,0.117944101290,0.206048438910
50,230,1,0.118252950978,0.174915753339
50,231,1,0.135718418631,0.192349912422
50,232,1,0.139722213718,0.210301689705
50,233,1,0.098612857388,0.195591567190
50,234,1,0.112021061413,0.200079719164
50,235,1,0.178288481423,0.300107151994
50,236,1,0.236485948338,0.316042086984
50,237,1,0.198300581708,0.295125330247
50,238,1,0.161675432685,0.249747744881
50,239,1,0.173711223920,0.316042086984
50,240,1,0.092498816206,0.149956210216
50,241,1,0.055807317394,0.083927573035
50,242,1,0.148461897894,0.245629012729
50,243,1,0.161349465761,0.301450258687
50,244,1,0.094968081348,0.169183748410
50,245,1,0.181121681374,0.315909320785
50,246,1,0.133434905071,0.199420686000
50,247,1,0.130311247001,0.257452261513
50,248,1,0.049279616696,0.083927573035
50,249,1,0.094699863495,0.157873929739
50,250,1,0.198739927626,0.300107151994
50,251,1,0.158413178039,0.184910665404
50,252,1,0.087915299033,0.135209073271
50,253,1,0.085732668393,0.140945293392
50,254,1,0.125872569019,0.190568951635
50,255,1,0.076837691532,0.131348682838
50,256,1,0.094909167832,0.169183748410
50,257,1,0.129724477006,0.150122377365
50,258,1,0.123158362227,0.210301689705
50,259,1,0.130241397904,0.184910665404
50,260,1,0.122161632053,0.195591567190
50,261,1,0.103877779936,0.178488321062
50,262,1,0.128928843944,0.186917072658
50,263,1,0.156429609125,0.204114252176
50,264,1,0.124707979604,0.164885177960
50,265,1,0.116090329225,0.192349912422
50,266,1,0.126174198456,0.236787804031
50,267,1,0.076005769204,0.129593509668
50,268,1,0.102766738867,0.148318982550
50,269,1,0.064221066099,0.089546045106
50,270,1,0.174980650950,0.253306849439
50,271,1,0.137017179762,0.164885177960
50,272,1,0.071247130508,0.123623904653
50,273,1,0.109206861465,0.207760515562
50,274,1,0.103146755319,0.192554908440
50,275,1,0.119335448283,0.209455121550
50,276,1,0.148213658722,0.218384591616
50,277,1,0.137635229473,0.200079719164
50,278,1,0.132163288113,0.174332982336
50,279,1,0.114100425878,0.183823006098
50,280,1,0.128182454170,0.187442190308
50,281,1,0.092582652545,0.132789589892
50,282,1,0.103383521269,0.157873929739
50,283,1,0.194749379949,0.266474363948
50,284,1,0.187925905976,0.300107151994
50,285,1,0.121990459730,0.169183748410
50,286,1,0.124982164069,0.186917072658
50,287,1,0.098045979151,0.169183748410
50,288,1,0.104434284603,0.187442190308
50,289,1,0.137771029198,0.184910665404
50,290,1,0.136439491340,0.229548729173
50,291,1,0.051093859885,0.061372949101
50,292,1,0.046052662395,0.087791443970
50,293,1,0.157895858921,0.210301689705
50,294,1,0.127129139792,0.249747744881
50,295,1,0.218501804314,0.306676900251
50,296,1,0.118946880467,0.218384591616
50,297,1,0.103907570366,0.149956210216
50,298,1,0.121451415246,0.146353706341
50,299,1,0.121042852279,0.183823006098
100,0,1,0.099693407913,0.133418900672
100,1,1,0.181605206789,0.290394785796
100,2,1,0.079436617323,0.100349398872
100,3,1,0.072424521543,0.100256300248
100,4,1,0.095998194130,0.106118925462
100,5,1,0.070743031989,0.097406016219
100,6,1,0.055336010827,0.079122885740
100,7,1,0.114471487501,0.179523724859
100,8,1,0.074800220900,0.127204673556
100,9,1,0.120471082661,0.189604024645
100,10,1,0.058032487754,0.074756591147
100,11,1,0.065966991734,0.091683095825
100,12,1,0.094379833148,0.150122377365
100,13,1,0.048857503322,0.075559666644
100,14,1,0.083276135040,0.120717088913
100,15,1,0.093060277926,0.178208323950
100,16,1,0.126792651302,0.228018311337
100,17,1,0.084875768078,0.098019804942
100,18,1,0.021853979776,0.029364216676
100,19,1,0.084582751759,0.122808645870
100,20,1,0.044968731346,0.073847505812
100,21,1,0.058299243072,0.081987911694
100,22,1,0.069535924776,0.099279052792
100,23,1,0.133968855998,0.196233399634
100,24,1,0.058537446773,0.082413911397
100,25,1,0.084990792678,0.133367124852
100,26,1,0.052555030144,0.091462742095
100,27,1,0.081261181012,0.131824284363
100,28,1,0.079084288826,0.105821967809
100,29,1,0.097821460031,0.161327454643
100,30,1,0.086785443120,0.118730503434
100,31,1,0.073602494461,0.103104179672
100,32,1,0.039581352746,0.057566417878
100,33,1,0.121875964150,0.162639063449
100,34,1,0.089487952686,0.104527367069
100,35,1,0.076694994997,0.098443892688
100,36,1,0.084474588577,0.140050749585
100,37,1,0.052087539697,0.099279052792
100,38,1,0.080867830945,0.108534629038
100,39,1,0.112334537567,0.133570130636
100,40,1,0.077326971704,0.140050749585
100,41,1,0.080908154062,0.136772415231
100,42,1,0.075403703933,0.121430953871
100,43,1,0.077734033877,0.116212419157
100,44,1,0.095356236880,0.131429042958
100,45,1,0.049572752167,0.069548655881
100,46,1,0.064496300598,0.113522783466
100,47,1,0.068072177609,0.104527367069
100,48,1,0.103448843187,0.129593509668
100,49,1,0.106455697605,0.150122377365
100,50,1,0.047129932353,0.064338204914
100,51,1,0.125219150372,0.180530090703
100,52,1,0.078709776209,0.152310083540
100,53,1,0.026853425725,0.046330001690
100,54,1,0.081387788854,0.124896931432
100,55,1,0.148248357144,0.201846230820
100,56,1,0.089061471492,0.111215467544
100,57,1,0.024785615503,0.046330001690
100,58,1,0.075387152934,0.106118925462
100,59,1,0.064071222223,0.089919769839
100,60,1,0.094591031783,0.159827401504
100,61,1,0.056382628060,0.109525891401
100,62,1,0.052520046597,0.074756591147
100,63,1,0.068184713285,0.095700454812
100,64,1,0.048780348397,0.075559666644
100,65,1,0.072717425168,0.131429042958
100,66,1,0.078003690486,0.111215467544
100,67,1,0.078003817788,0.123346344701
100,68,1,0.107003188197,0.174014831464
100,69,1,0.104107809925,0.177499391338
100,70,1,0.032029017629,0.052098729573
100,71,1,0.060039072157,0.094577376205
100,72,1,0.074479906065,0.118452534511
100,73,1,0.079421278787,0.144694857753
100,74,1,0.107786237494,0.189695502472
100,75,1,0.032570542064,0.058534431074
100,76,1,0.058920839069,0.091683095825
100,77,1,0.069936407246,0.083676331033
100,78,1,0.115004972689,0.178207315406
100,79,1,0.159370319753,0.174014831464
100,80,1,0.082872651111,0.128392687316
100,81,1,0.074730132832,0.118730503434
100,82,1,0.043997063912,0.070715267036
100,83,1,0.059426441681,0.096832772648
100,84,1,0.098003648392,0.138590881964
100,85,1,0.141670350688,0.228018311337
100,86,1,0.091441152794,0.174915753339
100,87,1,0.067353097889,0.101844553720
100,88,1,0.058645164075,0.083676331033
100,89,1,0.056631411837,0.109481921338
100,90,1,0.112469566581,0.153677057249
100,91,1,0.087297985019,0.141286142330
100,92,1,0.067759068810,0.089919769839
100,93,1,0.083820944306,0.142877958832
100,94,1,0.133632140695,0.183160111355
100,95,1,0.054910455225,0.072470880884
100,96,1,0.091215379219,0.160845017639
100,97,1,0.090704045879,0.150122377365
100,98,1,0.044076256476,0.070773962328
100,99,1,0.088649195856,0.159880180289
100,100,1,0.056710037572,0.081149784971
100,101,1,0.063110973395,0.100256300248
100,102,1,0.103522248250,0.164885177960
100,103,1,0.124508617389,0.173271376403
100,104,1,0.081819174045,0.108394578243
100,105,1,0.027597538414,0.045906946885
100,106,1,0.097080715673,0.124896931432
100,107,1,0.019432417802,0.022651553805
100,108,1,0.056723874887,0.064338204914
100,109,1,0.147705759208,0.282754211887
100,110,1,0.092718247676,0.163933147593
100,111,1,0.066129703762,0.119735369515
100,112,1,0.051633238566,0.080672341970
100,113,1,0.048889213712,0.064338204914
100,114,1,0.116117186919,0.187423188135
100,115,1,0.097707657891,0.166730158906
100,116,1,0.060497001655,0.081488612128
100,117,1,0.059775314729,0.077507013823
100,118,1,0.071592592713,0.125373811245
100,119,1,0.031703916264,0.039359188713
100,120,1,0.087854810506,0.108534629038
100,121,1,0.082544575259,0.116212419157
100,122,1,0.058314913085,0.105821967809
100,123,1,0.094969484123,0.157159360399
100,124,1,0.081386853776,0.152746223557
100,125,1,0.085124874044,0.118730503434
100,126,1,0.053784569316,0.076730663185
100,127,1,0.081293104825,0.108394578243
100,128,1,0.118501777687,0.169183748410
100,129,1,0.054649967149,0.105906694014
100,130,1,0.062923047206,0.103104179672
100,131,1,0.122763301139,0.183160111355
100,132,1,0.086576475919,0.120717088913
100,133,1,0.078582156677,0.123623904653
100,134,1,0.084281622169,0.120171171214
100,135,1,0.102745848650,0.158459350285
100,136,1,0.033044792598,0.058565285340
100,137,1,0.057134933289,0.098217017086
100,138,1,0.059948563177,0.095827186638
100,139,1,0.125094986568,0.175626227249
100,140,1,0.069011174959,0.118147126880
100,141,1,0.051977623052,0.081559649385
100,142,1,0.060411794085,0.087984506126
100,143,1,0.109451133631,0.157159360399
100,144,1,0.069682504551,0.109525891401
100,145,1,0.044050364143,0.071371198313
100,146,1,0.093814097339,0.139561684879
100,147,1,0.090138289514,0.129593509668
100,148,1,0.120928326749,0.181043849916
100,149,1,0.090155761275,0.179523724859
100,150,1,0.072236181098,0.108534629038
100,151,1,0.042945173714,0.070715267036
100,152,1,0.084956661621,0.146264149089
100,153,1,0.092184232414,0.145600996763
100,154,1,0.187557556560,0.279746422769
100,155,1,0.047219272264,0.066075917074
100,156,1,0.112202867153,0.203446398170
100,157,1,0.109342985899,0.160845017639
100,158,1,0.106886940611,0.140590277811
100,159,1,0.074439811743,0.120717088913
100,160,1,0.079529408022,0.140463679543
100,161,1,0.048688925462,0.091462742095
100,162,1,0.116165962405,0.139116320229
100,163,1,0.065799385653,0.083676331033
100,164,1,0.110671239314,0.157159360399
100,165,1,0.092473595052,0.153224082449
100,166,1,0.109679055023,0.149012861339
100,167,1,0.079108956113,0.102352717788
100,168,1,0.093764899845,0.174165714274
100,169,1,0.102371705905,0.140945293392
100,170,1,0.061550516228,0.087791443970
100,171,1,0.090409886338,0.139116320229
100,172,1,0.039926182567,0.056358136742
100,173,1,0.061375057301,0.107440365837
100,174,1,0.063875886229,0.086046045464
100,175,1,0.035063679818,0.045105385455
100,176,1,0.043785198949,0.052098729573
100,177,1,0.094553325277,0.132789589892
100,178,1,0.105119337163,0.131824284363
100,179,1,0.037491154818,0.049016789536
100,180,1,0.151866293384,0.282754211887
100,181,1,0.063786419525,0.119257300954
100,182,1,0.103448456291,0.173271376403
100,183,1,0.089216079159,0.137250418540
100,184,1,0.084438369612,0.129593509668
100,185,1,0.070520926752,0.113522783466
100,186,1,0.127621499478,0.187826557666
100,187,1,0.053791163360,0.069117388549
100,188,1,0.105752095993,0.129593509668
100,189,1,0.034452254906,0.049862371309
100,190,1,0.015615922866,0.029252254786
100,191,1,0.062541580871,0.083927573035
100,192,1,0.061654301824,0.085850884815
100,193,1,0.057266218830,0.098443892688
100,194,1,0.096766112759,0.187257771468
100,195,1,0.064885114853,0.098937765042
100,196,1,0.079215331925,0.119735369515
100,197,1,0.107849553726,0.157873929739
100,198,1,0.140985659352,0.216189288367
100,199,1,0.085935481368,0.120570073935
100,200,1,0.019100165553,0.032074740846
100,201,1,0.108787867113,0.156198636324
100,202,1,0.088851771535,0.137352500053
100,203,1,0.148471980732,0.229548729173
100,204,1,0.123533438545,0.140945293392
100,205,1,0.090187281122,0.107533770606
100,206,1,0.067135297532,0.110428040440
100,207,1,0.079415581192,0.108394578243
100,208,1,0.086183912683,0.107987251452
100,209,1,0.098767074738,0.176300185529
100,210,1,0.105629071198,0.183084525612
100,211,1,0.049486501159,0.067941656058
100,212,1,0.067923744737,0.113148320162
100,213,1,0.044298498885,0.056358136742
100,214,1,0.067770644041,0.103104179672
100,215,1,0.094039487551,0.159827401504
100,216,1,0.129838705056,0.161482894020
100,217,1,0.055071007697,0.076730663185
100,218,1,0.094617238706,0.141750834432
100,219,1,0.057723600216,0.098443892688
100,220,1,0.101410014244,0.148318982550
100,221,1,0.078465751119,0.153677057249
100,222,1,0.117936831364,0.183823006098
100,223,1,0.096736214436,0.173271376403
100,224,1,0.067327039884,0.130426992264
100,225,1,0.054391093908,0.089919769839
100,226,1,0.144667139165,0.280715668392
100,227,1,0.072023347571,0.116959953762
100,228,1,0.130351919414,0.175626227249
100,229,1,0.092521672609,0.143075015009
100,230,1,0.067594860038,0.087791443970
100,231,1,0.087854864063,0.143075015009
100,232,1,0.068301456558,0.100349398872
100,233,1,0.059321496946,0.087984506126
100,234,1,0.082698416570,0.113866719024
100,235,1,0.107179451476,0.178207315406
100,236,1,0.052953057463,0.087674392211
100,237,1,0.039571088999,0.059779309543
100,238,1,0.104137275562,0.148318982550
100,239,1,0.025178824891,0.042685412405
100,240,1,0.082542136833,0.141286142330
100,241,1,0.086061904013,0.171110681378
100,242,1,0.063876989122,0.098443892688
100,243,1,0.067785494485,0.094230613400
100,244,1,0.020458460458,0.029252254786
100,245,1,0.120888976045,0.185505468129
100,246,1,0.080772533525,0.109481921338
100,247,1,0.046446963211,0.074756591147
100,248,1,0.109849659735,0.177499391338
100,249,1,0.114683319869,0.218882139378
100,250,1,0.074134135254,0.111215467544
100,251,1,0.075047402284,0.147210416762
100,252,1,0.057457791719,0.081987911694
100,253,1,0.074220186339,0.124896931432
100,254,1,0.054713984162,0.069276881040
100,255,1,0.041617547261,0.058252683172
100,256,1,0.073022970017,0.118355773429
100,257,1,0.074069831210,0.100349398872
100,258,1,0.048680043815,0.090505351695
100,259,1,0.097228241129,0.157215891487
100,260,1,0.080992056680,0.104527367069
100,261,1,0.057329073238,0.080339840598
100,262,1,0.021359361882,0.032476615083
100,263,1,0.071479017151,0.136940363732
100,264,1,0.158113565508,0.245965483816
100,265,1,0.100935277928,0.175587518039
100,266,1,0.108189601169,0.159880180289
100,267,1,0.100047708029,0.140945293392
100,268,1,0.041629990296,0.058565285340
100,269,1,0.069101670434,0.116212419157
100,270,1,0.029200881195,0.056358136742
100,271,1,0.089844666377,0.111215467544
100,272,1,0.072228715076,0.104932763070
100,273,1,0.079366264068,0.114946141990
100,274,1,0.052134327276,0.083927573035
100,275,1,0.049229122885,0.061846941166
100,276,1,0.051041957116,0.067142815391
100,277,1,0.109657547765,0.146353706341
100,278,1,0.109509860480,0.188228581002
100,279,1,0.100745508210,0.145099083889
100,280,1,0.074335123432,0.129593509668
100,281,1,0.067818975882,0.104527367069
100,282,1,0.084015298322,0.111252574730
100,283,1,0.121656597677,0.232717696175
100,284,1,0.072378016100,0.100256300248
100,285,1,0.094526421382,0.129378261129
100,286,1,0.083131140343,0.157159360399
100,287,1,0.139972362545,0.240199991019
100,288,1,0.129032809841,0.223390253945
100,289,1,0.058011752229,0.104527367069
100,290,1,0.095723328231,0.139561684879
100,291,1,0.071026389886,0.100228611784
100,292,1,0.186023193189,0.328023716029
100,293,1,0.115211872265,0.166730158906
100,294,1,0.075927389822,0.103343211268
100,295,1,0.110155293939,0.144761349062
100,296,1,0.060364742605,0.110833309444
100,297,1,0.074570467149,0.111215467544
100,298,1,0.100091078322,0.123623904653
100,299,1,0.064061738503,0.089919769839
200,0,1,0.060057716375,0.090505351695
200,1,1,0.075973345725,0.145133550863
200,2,1,0.035422860994,0.050409670491
200,3,1,0.071634785656,0.098196027161
200,4,1,0.078365696936,0.119257300954
200,5,1,0.061476145135,0.099279052792
200,6,1,0.064444518620,0.073207895697
200,7,1,0.062214597170,0.079291262648
200,8,1,0.057207035006,0.101686961796
200,9,1,0.059537146608,0.093515750769
200,10,1,0.051979624934,0.065323298605
200,11,1,0.050099464776,0.073357726955
200,12,1,0.088698971537,0.130843878173
200,13,1,0.062975130017,0.117615653761
200,14,1,0.045721343191,0.065843604089
200,15,1,0.044254821103,0.067092423434
200,16,1,0.015797786345,0.030931619434
200,17,1,0.080739611931,0.145099083889
200,18,1,0.070505259673,0.135209073271
200,19,1,0.100082799006,0.155985997191
200,20,1,0.054710521423,0.092982078351
200,21,1,0.046204456646,0.065323298605
200,22,1,0.033174895223,0.062759655346
200,23,1,0.043327132865,0.061372949101
200,24,1,0.054140216814,0.069130026721
200,25,1,0.065854266867,0.124545401447
200,26,1,0.066804650047,0.113522783466
200,27,1,0.081921916833,0.127266423396
200,28,1,0.056831106901,0.087791443970
200,29,1,0.051919253467,0.098196027161
200,30,1,0.038976437006,0.048593659775
200,31,1,0.076657279915,0.143290522451
200,32,1,0.060117910758,0.108534629038
200,33,1,0.034999244994,0.042685412405
200,34,1,0.066045681082,0.128632488322
200,35,1,0.088783701087,0.121912863470
200,36,1,0.036213739398,0.062049483649
200,37,1,0.077408714484,0.131603138480
200,38,1,0.053879948380,0.102352717788
200,39,1,0.096342355154,0.129593509668
200,40,1,0.055200454128,0.079905565304
200,41,1,0.050874062110,0.077446242752
200,42,1,0.029036311823,0.035973945920
200,43,1,0.037069009592,0.054111973359
200,44,1,0.073191107338,0.107039816725
200,45,1,0.078901789001,0.129593509668
200,46,1,0.036470730563,0.063016551441
200,47,1,0.064606104337,0.113522783466
200,48,1,0.035648716686,0.047520235986
200,49,1,0.053901554782,0.093527563586
200,50,1,0.053283610636,0.078251188424
200,51,1,0.060552122638,0.082352092935
200,52,1,0.040400502181,0.076616077321
200,53,1,0.044803616558,0.084816228098
200,54,1,0.075393046735,0.106343549658
200,55,1,0.042152849925,0.051364265784
200,56,1,0.051277322171,0.073766251184
200,57,1,0.060318688601,0.104299483565
200,58,1,0.058127891219,0.085600240040
200,59,1,0.080739203041,0.128392687316
200,60,1,0.052644907114,0.076528119854
200,61,1,0.076714484597,0.141286142330
200,62,1,0.064143745607,0.120314524617
200,63,1,0.118240113646,0.163100262748
200,64,1,0.036540210597,0.058252683172
200,65,1,0.048875456777,0.062720551421
200,66,1,0.070186282074,0.138946343080
200,67,1,0.061497220928,0.087791443970
200,68,1,0.046586989548,0.085850884815
200,69,1,0.047291084121,0.078463025115
200,70,1,0.080233036364,0.131348682838
200,71,1,0.053073672601,0.063016551441
200,72,1,0.035211063355,0.051364265784
200,73,1,0.022148543628,0.029252254786
200,74,1,0.071538932211,0.117359182463
200,75,1,0.048109653551,0.085643496457
200,76,1,0.046249183429,0.070213331216
200,77,1,0.075417796268,0.097181165655
200,78,1,0.075128561294,0.129582891229
200,79,1,0.044217470962,0.077899827630
200,80,1,0.049189459933,0.058565285340
200,81,1,0.055897139188,0.065240481562
200,82,1,0.052346541381,0.063799278749
200,83,1,0.010871080486,0.014841817909
200,84,1,0.063623892063,0.087310412233
200,85,1,0.086968349340,0.132411583628
200,86,1,0.040335148876,0.060493445651
200,87,1,0.064667398330,0.092137794364
200,88,1,0.046684752566,0.063237124512
200,89,1,0.056191237077,0.096761024949
200,90,1,0.082029524812,0.146775029688
200,91,1,0.084129163260,0.154427180493
200,92,1,0.042425780042,0.050409670491
200,93,1,0.030104426671,0.049862371309
200,94,1,0.053856409626,0.067142815391
200,95,1,0.056998763791,0.084335842167
200,96,1,0.063587449993,0.075827537932
200,97,1,0.037783143662,0.054600407040
200,98,1,0.024661603076,0.040496660386
200,99,1,0.055511187705,0.095263693590
200,100,1,0.081747251839,0.124707336451
200,101,1,0.033190493461,0.051317955524
200,102,1,0.065795721201,0.120717088913
200,103,1,0.067796823537,0.126056632774
200,104,1,0.049989519007,0.075596416553
200,105,1,0.091461083419,0.143290522451
200,106,1,0.058214385206,0.073581415249
200,107,1,0.046238216747,0.053805183244
200,108,1,0.047701799465,0.060326894003
200,109,1,0.052420138456,0.098845721562
200,110,1,0.028230809578,0.054920959378
200,111,1,0.062128779167,0.104284161751
200,112,1,0.087426198004,0.155019569860
200,113,1,0.063885341374,0.092137794364
200,114,1,0.067795020031,0.104188618750
200,115,1,0.086575622700,0.129593509668
200,116,1,0.023412105585,0.035964250186
200,117,1,0.080942927070,0.130843878173
200,118,1,0.057603123972,0.090796696672
200,119,1,0.046832199835,0.077446242752
200,120,1,0.066743666741,0.085139349646
200,121,1,0.039282073077,0.067092423434
200,122,1,0.087424733428,0.163100262748
200,123,1,0.085518470338,0.134622489122
200,124,1,0.043447109972,0.067524443413
200,125,1,0.032184027627,0.054111973359
200,126,1,0.100251277304,0.139333914474
200,127,1,0.049535740630,0.081149784971
200,128,1,0.051616907218,0.073357726955
200,129,1,0.077070171820,0.092982078351
200,130,1,0.070112767565,0.126196297124
200,131,1,0.048841555612,0.077350228965
200,132,1,0.066150535039,0.098727319073
200,133,1,0.032477481367,0.037191738578
200,134,1,0.055953154910,0.080988672100
200,135,1,0.059557047803,0.063360732830
200,136,1,0.033871626770,0.042685412405
200,137,1,0.073451949231,0.111856566518
200,138,1,0.028135552774,0.045906946885
200,139,1,0.104310968720,0.183084525612
200,140,1,0.076136541978,0.126056632774
200,141,1,0.068075284948,0.090568828263
200,142,1,0.058743961542,0.087791443970
200,143,1,0.070796736461,0.092137794364
200,144,1,0.046370814877,0.065323298605
200,145,1,0.061689189097,0.116414260087
200,146,1,0.023734501592,0.031809894015
200,147,1,0.032437075309,0.051364265784
200,148,1,0.029000615673,0.050300516976
200,149,1,0.027231796173,0.034097601175
200,150,1,0.077152231749,0.153224082449
200,151,1,0.072571438811,0.108028593194
200,152,1,0.037738441038,0.056821353672
200,153,1,0.058974383648,0.098727319073
200,154,1,0.040732707071,0.061882731798
200,155,1,0.066342633789,0.105413595528
200,156,1,0.108414340847,0.153224082449
200,157,1,0.072886220305,0.087963167639
200,158,1,0.040392784525,0.062759655346
200,159,1,0.011272137025,0.018986259361
200,160,1,0.050435282215,0.082209026777
200,161,1,0.048107049718,0.087984506126
200,162,1,0.060204957195,0.090563207900
200,163,1,0.034096013950,0.043478668963
200,164,1,0.053867149895,0.080339840598
200,165,1,0.063972589225,0.090821461151
200,166,1,0.066619063624,0.130599804995
200,167,1,0.089443220219,0.135201535010
200,168,1,0.037003030697,0.050362769719
200,169,1,0.035373639033,0.051317955524
200,170,1,0.028464482396,0.039381651737
200,171,1,0.074335551005,0.124472537402
200,172,1,0.052891711302,0.097406016219
200,173,1,0.064195997962,0.090467379017
200,174,1,0.072801201978,0.145133550863
200,175,1,0.049059541194,0.079612086285
200,176,1,0.051806134876,0.098019804942
200,177,1,0.071135343945,0.101003035180
200,178,1,0.068657705164,0.112146787665
200,179,1,0.043758681816,0.065323298605
200,180,1,0.033756266209,0.058252683172
200,181,1,0.077458464262,0.128392687316
200,182,1,0.083261726938,0.130843878173
200,183,1,0.056738040252,0.085643496457
200,184,1,0.057322232049,0.094577376205
200,185,1,0.050938148075,0.081987911694
200,186,1,0.034080855343,0.050726634275
200,187,1,0.022745773562,0.034326272716
200,188,1,0.058084863308,0.090695164398
200,189,1,0.071264449369,0.113552936722
200,190,1,0.036536029241,0.053060897384
200,191,1,0.066752877746,0.082685646331
200,192,1,0.069028116418,0.117615653761
200,193,1,0.064440470257,0.121284687832
200,194,1,0.052032592446,0.087609606398
200,195,1,0.029435458218,0.045105385455
200,196,1,0.060471920143,0.084568283175
200,197,1,0.065998017516,0.100926745361
200,198,1,0.076666321138,0.121912863470
200,199,1,0.059777445456,0.082685646331
200,200,1,0.059291662388,0.087963167639
200,201,1,0.038643467765,0.065263147089
200,202,1,0.052478371868,0.072211970016
200,203,1,0.056537016541,0.099279052792
200,204,1,0.039183731100,0.049862371309
200,205,1,0.048925757659,0.087791443970
200,206,1,0.045276519647,0.072456748917
200,207,1,0.071078997508,0.134916447760
200,208,1,0.059584709676,0.078584116772
200,209,1,0.019028082328,0.029252254786
200,210,1,0.041330947782,0.058565285340
200,211,1,0.056663751275,0.092037164739
200,212,1,0.075666216057,0.143290522451
200,213,1,0.012190122911,0.016656361906
200,214,1,0.077540136508,0.123610545338
200,215,1,0.083779889688,0.166265736215
200,216,1,0.043999331177,0.063913602282
200,217,1,0.033312546923,0.049862371309
200,218,1,0.049818168105,0.063799278749
200,219,1,0.038599405093,0.062049483649
200,220,1,0.065806054736,0.104299483565
200,221,1,0.086458683618,0.093831287499
200,222,1,0.049757376068,0.063602511150
200,223,1,0.073422752043,0.136983034204
200,224,1,0.059988872873,0.089546045106
200,225,1,0.057279974941,0.095179455596
200,226,1,0.042892855620,0.076296811968
200,227,1,0.094892899462,0.170199644873
200,228,1,0.072537778501,0.118730503434
200,229,1,0.055224619025,0.102455078962
200,230,1,0.050941296278,0.090678272832
200,231,1,0.086981517720,0.111215467544
200,232,1,0.041757261654,0.074436398907
200,233,1,0.075641760887,0.108028593194
200,234,1,0.054881766435,0.082352092935
200,235,1,0.066828810119,0.098845721562
200,236,1,0.073584026006,0.108534629038
200,237,1,0.054843162368,0.082268535646
200,238,1,0.031071253847,0.038821478319
200,239,1,0.056382959179,0.101686961796
200,240,1,0.058477453503,0.087310412233
200,241,1,0.070019382681,0.131603138480
200,242,1,0.066418981590,0.090505351695
200,243,1,0.032121386692,0.051317955524
200,244,1,0.054977419251,0.093716756133
200,245,1,0.047635379374,0.081987911694
200,246,1,0.067718498095,0.129593509668
200,247,1,0.061008478745,0.112395272951
200,248,1,0.080223889466,0.092154884306
200,249,1,0.036653814942,0.067573921564
200,250,1,0.055849741893,0.093723244081
200,251,1,0.034029534980,0.061882731798
200,252,1,0.039172052047,0.060693415375
200,253,1,0.078566384205,0.124074741391
200,254,1,0.059382997011,0.090678272832
200,255,1,0.078886639687,0.146264149089
200,256,1,0.051888023969,0.094367227935
200,257,1,0.101851182999,0.141490259057
200,258,1,0.027081274447,0.038821478319
200,259,1,0.093932424358,0.178208323950
200,260,1,0.047141348441,0.087984506126
200,261,1,0.061032289616,0.105431607641
200,262,1,0.031339711820,0.044355793933
200,263,1,0.051019166295,0.076616077321
200,264,1,0.033794466330,0.054600407040
200,265,1,0.031904701405,0.038838698503
200,266,1,0.095573786482,0.165386321544
200,267,1,0.084849741975,0.159880180289
200,268,1,0.047154185152,0.087609606398
200,269,1,0.049659456195,0.072094824094
200,270,1,0.040513008908,0.067142815391
200,271,1,0.021823619805,0.038821478319
200,272,1,0.070169176308,0.098443892688
200,273,1,0.060754146224,0.101686961796
200,274,1,0.049305204388,0.072934540389
200,275,1,0.095354811408,0.118602348183
200,276,1,0.073818368521,0.108201574869
200,277,1,0.053855121016,0.086461185508
200,278,1,0.067406789537,0.090014074670
200,279,1,0.022767994963,0.032940989312
200,280,1,0.048774944449,0.059120844480
200,281,1,0.072320472602,0.096832772648
200,282,1,0.037717091005,0.063016551441
200,283,1,0.084641362705,0.114319242683
200,284,1,0.051969641064,0.077982373776
200,285,1,0.051681657964,0.072934540389
200,286,1,0.091084640183,0.122599549931
200,287,1,0.020940246549,0.036628027060
200,288,1,0.046641891359,0.075827537932
200,289,1,0.079596897967,0.129593509668
200,290,1,0.041432289355,0.049555663379
200,291,1,0.073275551202,0.119257300954
200,292,1,0.051385528761,0.095955085466
200,293,1,0.023723771465,0.030470407919
200,294,1,0.088132617882,0.159827401504
200,295,1,0.052465800729,0.077899827630
200,296,1,0.072595197735,0.114675581653
200,297,1,0.083384467957,0.118602348183
200,298,1,0.052285931959,0.078450341105
200,299,1,0.055874884060,0.086236898193
500,0,1,0.044361349794,0.083247725596
500,1,1,0.043463873700,0.075012710533
500,2,1,0.031884343843,0.057739790704
500,3,1,0.044049716015,0.068604765495
500,4,1,0.055712402934,0.075273649938
500,5,1,0.027597850778,0.037280888652
500,6,1,0.038047494727,0.054836976660
500,7,1,0.018173447619,0.029091203389
500,8,1,0.049468197683,0.070209498427
500,9,1,0.051399223523,0.081763558479
500,10,1,0.035643369076,0.050733834070
500,11,1,0.016796275198,0.024436386821
500,12,1,0.036696391971,0.057096206808
500,13,1,0.032691327674,0.051449703848
500,14,1,0.072034362449,0.129916454658
500,15,1,0.029141331654,0.040710350806
500,16,1,0.046212313277,0.080384239227
500,17,1,0.039823617950,0.064158095290
500,18,1,0.051971503582,0.090588169623
500,19,1,0.040798243982,0.065412671060
500,20,1,0.034274616430,0.041289737260
500,21,1,0.033235843397,0.054569816827
500,22,1,0.022671618564,0.035636944338
500,23,1,0.038920294077,0.070111217668
500,24,1,0.035095807821,0.040914074982
500,25,1,0.030019102955,0.051810811290
500,26,1,0.051472996015,0.075559666644
500,27,1,0.021152839180,0.036356561876
500,28,1,0.032454286065,0.048557817602
500,29,1,0.053674435757,0.099031103485
500,30,1,0.031429531175,0.042685412405
500,31,1,0.054297171794,0.065228087251
500,32,1,0.032540166377,0.051827074826
500,33,1,0.043985082121,0.059869740510
500,34,1,0.023550879376,0.041387006846
500,35,1,0.043849275445,0.082491715217
500,36,1,0.026271970242,0.038459376313
500,37,1,0.053873427843,0.076528119854
500,38,1,0.045793438448,0.076730663185
500,39,1,0.044907065905,0.057749983295
500,40,1,0.052271213788,0.082567299787
500,41,1,0.036727057595,0.059869740510
500,42,1,0.038952374773,0.050779590820
500,43,1,0.013659938639,0.019989837403
500,44,1,0.049833967803,0.064090760901
500,45,1,0.021117939726,0.029376137394
500,46,1,0.050799182913,0.067142815391
500,47,1,0.056013283831,0.092982078351
500,48,1,0.055776787299,0.104383927544
500,49,1,0.040711591144,0.062631816696
500,50,1,0.044142040554,0.058565285340
500,51,1,0.043247449372,0.074763826592
500,52,1,0.015338229466,0.027563272323
500,53,1,0.035450030333,0.054836976660
500,54,1,0.032165506565,0.042685412405
500,55,1,0.063075131527,0.094964399427
500,56,1,0.034490128915,0.062047814469
500,57,1,0.031504140979,0.040255289160
500,58,1,0.039725761975,0.050382905004
500,59,1,0.044698550186,0.077941418307
500,60,1,0.051097105197,0.079004905952
500,61,1,0.032566676821,0.049207131951
500,62,1,0.045331436399,0.076730663185
500,63,1,0.046183083430,0.076740163468
500,64,1,0.021870689811,0.037517970982
500,65,1,0.040308632387,0.058565285340
500,66,1,0.041914929675,0.059398000154
500,67,1,0.032291599673,0.045012790574
500,68,1,0.030119884528,0.045550008721
500,69,1,0.036230158602,0.050382905004
500,70,1,0.034170510867,0.046431791112
500,71,1,0.064716243397,0.099524483972
500,72,1,0.014956392146,0.018900664198
500,73,1,0.051657248497,0.099031103485
500,74,1,0.019448614474,0.031163056406
500,75,1,0.019878784402,0.024248422982
500,76,1,0.012109453113,0.019457359225
500,77,1,0.025177335879,0.048247262531
500,78,1,0.048795312197,0.066652950224
500,79,1,0.043678858196,0.051685888782
500,80,1,0.037732831674,0.065749281379
500,81,1,0.029293040734,0.041559867010
500,82,1,0.038309038376,0.060188411479
500,83,1,0.039000187072,0.058204416496
500,84,1,0.050181304828,0.093294882518
500,85,1,0.028711827202,0.049186712701
500,86,1,0.036300588038,0.072187338642
500,87,1,0.032938921666,0.040223613463
500,88,1,0.030228227155,0.054849066269
500,89,1,0.026790809834,0.048403036541
500,90,1,0.031283850321,0.057970677681
500,91,1,0.049107975354,0.081312451207
500,92,1,0.035961881155,0.071771830200
500,93,1,0.035436095335,0.050156111979
500,94,1,0.024392100387,0.037664964973
500,95,1,0.035062007496,0.068333746412
500,96,1,0.021342703101,0.042225725386
500,97,1,0.045463902132,0.078181532060
500,98,1,0.048819463409,0.059939572016
500,99,1,0.031821739601,0.048809164128
500,100,1,0.025676674261,0.033177936838
500,101,1,0.036213545652,0.063602511150
500,102,1,0.062782874709,0.102638361784
500,103,1,0.023062399566,0.039728274911
500,104,1,0.035059225022,0.069178894468
500,105,1,0.009785309827,0.014522627277
500,106,1,0.059343591081,0.111386900992
500,107,1,0.047639179184,0.061191773882
500,108,1,0.026049256673,0.036340380403
500,109,1,0.026436782378,0.036920105075
500,110,1,0.041168050782,0.081312451207
500,111,1,0.033754344807,0.056458725335
500,112,1,0.033373628652,0.044555452964
500,113,1,0.035445320372,0.054739012399
500,114,1,0.016990049738,0.021904512232
500,115,1,0.017590094013,0.024029394800
500,116,1,0.043844368260,0.083247725596
500,117,1,0.031755015205,0.044649058884
500,118,1,0.038104040013,0.070976537689
500,119,1,0.051118927120,0.081312451207
500,120,1,0.015916314974,0.023971574439
500,121,1,0.032540379457,0.049016789536
500,122,1,0.024892176562,0.043856320454
500,123,1,0.029557972190,0.052321347222
500,124,1,0.021761185153,0.035054058970
500,125,1,0.068437095772,0.131597003583
500,126,1,0.069629766708,0.087984506126
500,127,1,0.044309680666,0.073020768376
500,128,1,0.017339592339,0.021976312339
500,129,1,0.031742032618,0.053034777254
500,130,1,0.021157297937,0.027449369101
500,131,1,0.026421533893,0.036722735631
500,132,1,0.036805897752,0.048403036541
500,133,1,0.045949951438,0.077742133324
500,134,1,0.011308292500,0.014748255141
500,135,1,0.029932317349,0.042292304345
500,136,1,0.032108504708,0.048830189478
500,137,1,0.040120307779,0.070164430734
500,138,1,0.040775538087,0.067573921564
500,139,1,0.062612933587,0.115295078023
500,140,1,0.066990350785,0.083226996846
500,141,1,0.037165504359,0.055613200370
500,142,1,0.019515894231,0.032986961237
500,143,1,0.040352527445,0.061177549406
500,144,1,0.013806863387,0.018090366997
500,145,1,0.033426218792,0.052092747221
500,146,1,0.048302711900,0.054849066269
500,147,1,0.024754647293,0.036687043234
500,148,1,0.031721843031,0.056157383379
500,149,1,0.037601023633,0.049209402232
500,150,1,0.024937578529,0.049429920418
500,151,1,0.044573700080,0.082166162017
500,152,1,0.028818524621,0.042520642638
500,153,1,0.020276656412,0.030446369557
500,154,1,0.043898874468,0.071789421835
500,155,1,0.038508924322,0.072651274476
500,156,1,0.014767385069,0.017447168397
500,157,1,0.038262783228,0.055613200370
500,158,1,0.065275136197,0.095129789853
500,159,1,0.032668344457,0.049209402232
500,160,1,0.018745003984,0.028016873537
500,161,1,0.037199049719,0.055349279345
500,162,1,0.051291892527,0.086621601956
500,163,1,0.043305546159,0.063267816989
500,164,1,0.035262716008,0.064862433403
500,165,1,0.063037905052,0.099846106593
500,166,1,0.037014337476,0.052748864681
500,167,1,0.038620098888,0.071946287081
500,168,1,0.066102204714,0.095594483363
500,169,1,0.034774136249,0.054586848323
500,170,1,0.031361091457,0.060051540221
500,171,1,0.053292808998,0.078773019972
500,172,1,0.032698629050,0.040559026356
500,173,1,0.023763650059,0.038936490868
500,174,1,0.028424924113,0.046746729884
500,175,1,0.024821470714,0.041998199193
500,176,1,0.062447115207,0.089922494078
500,177,1,0.042276535076,0.066711856848
500,178,1,0.035224295555,0.053358674795
500,179,1,0.048535021247,0.073081894558
500,180,1,0.010948922322,0.016085926231
500,181,1,0.036784979990,0.053117471070
500,182,1,0.024696254037,0.046880964743
500,183,1,0.025006532919,0.041289737260
500,184,1,0.028615802964,0.035777983982
500,185,1,0.023149979886,0.030782006427
500,186,1,0.043397662723,0.061839438828
500,187,1,0.027441299162,0.040287456204
500,188,1,0.048276251217,0.084295668727
500,189,1,0.059593363388,0.108508817180
500,190,1,0.031219977349,0.039805002498
500,191,1,0.036511793516,0.047994374739
500,192,1,0.055867123650,0.077426176641
500,193,1,0.026513698560,0.037004314077
500,194,1,0.024612694993,0.042558619036
500,195,1,0.043432244297,0.070059970180
500,196,1,0.058873881567,0.109183030525
500,197,1,0.032407484112,0.054643546693
500,198,1,0.062250085647,0.092417480588
500,199,1,0.055082895802,0.089919769839
500,200,1,0.026515953344,0.042376513323
500,201,1,0.048008994913,0.074169317603
500,202,1,0.043677308270,0.056821353672
500,203,1,0.027933502947,0.041676777740
500,204,1,0.048917629789,0.094216011270
500,205,1,0.036428894398,0.060695705654
500,206,1,0.072996774872,0.117021912377
500,207,1,0.050402528034,0.078773019972
500,208,1,0.039388180404,0.047628175042
500,209,1,0.043963727405,0.054643546693
500,210,1,0.050398614818,0.072180152106
500,211,1,0.020323512993,0.027593706511
500,212,1,0.024741864226,0.034138988437
500,213,1,0.018354110120,0.025535558963
500,214,1,0.049255151734,0.078149154367
500,215,1,0.043199762785,0.066495005729
500,216,1,0.026540802379,0.038551364591
500,217,1,0.048349068329,0.096143562668
500,218,1,0.046700073937,0.064311813754
500,219,1,0.043470145911,0.073453536207
500,220,1,0.028019086652,0.052874997208
500,221,1,0.028184272149,0.039209815979
500,222,1,0.027071158183,0.038134842748
500,223,1,0.050119763031,0.062008235493
500,224,1,0.044737907901,0.046941885828
500,225,1,0.036298943258,0.050768566247
500,226,1,0.026241094242,0.047624136496
500,227,1,0.066011405886,0.102856994441
500,228,1,0.035113626610,0.060255249393
500,229,1,0.056938245946,0.078486666223
500,230,1,0.031390880525,0.043965289187
500,231,1,0.054706008894,0.091725580889
500,232,1,0.029912489295,0.052275760985
500,233,1,0.015105909460,0.018090366997
500,234,1,0.034023402688,0.041980750654
500,235,1,0.068712954049,0.098708452189
500,236,1,0.035570201698,0.069091570470
500,237,1,0.032682903630,0.062349801036
500,238,1,0.028716450707,0.040364761701
500,239,1,0.026583875681,0.037688530316
500,240,1,0.027871686045,0.045012790574
500,241,1,0.019264687818,0.025849617016
500,242,1,0.050841167842,0.081066836238
500,243,1,0.046296529797,0.074566400055
500,244,1,0.020372160332,0.032702856550
500,245,1,0.050876745958,0.091065297382
500,246,1,0.035200930790,0.048540610526
500,247,1,0.036703699412,0.062008235493
500,248,1,0.040970292576,0.053569921873
500,249,1,0.023438986547,0.032837673529
500,250,1,0.042754559148,0.072373415817
500,251,1,0.037040858595,0.071371198313
500,252,1,0.043038061695,0.071816157675
500,253,1,0.021199496573,0.036920105075
500,254,1,0.029086971429,0.039209815979
500,255,1,0.047164554919,0.084757125698
500,256,1,0.049707297608,0.074549770010
500,257,1,0.029618228075,0.055205648023
500,258,1,0.016617331955,0.028676443974
500,259,1,0.051325062821,0.097727251698
500,260,1,0.037632286076,0.057698855049
500,261,1,0.017337908313,0.021045621868
500,262,1,0.039792967895,0.063726757016
500,263,1,0.024422319226,0.040622041500
500,264,1,0.027348223812,0.042163104706
500,265,1,0.043975294231,0.084460897891
500,266,1,0.040574781292,0.059365525820
500,267,1,0.060304603827,0.097706884102
500,268,1,0.047143527093,0.060306114518
500,269,1,0.046274168064,0.076024756823
500,270,1,0.047686401994,0.077260629178
500,271,1,0.031770882848,0.060188411479
500,272,1,0.038678472077,0.062948226941
500,273,1,0.019846237334,0.036038328981
500,274,1,0.040216484510,0.053345298167
500,275,1,0.020055988724,0.025609540193
500,276,1,0.037283619429,0.061177549406
500,277,1,0.054408107047,0.091272728647
500,278,1,0.026732299987,0.037785460834
500,279,1,0.023392224263,0.036628027060
500,280,1,0.061357476562,0.092997207767
500,281,1,0.045710906061,0.078330184573
500,282,1,0.034842385513,0.049606112409
500,283,1,0.055880329315,0.082298260124
500,284,1,0.028099684046,0.038280753465
500,285,1,0.038926222304,0.056452450187
500,286,1,0.030498648314,0.045286830784
500,287,1,0.044805546427,0.084180807749
500,288,1,0.030273398819,0.045498741298
500,289,1,0.010376791873,0.018347074730
500,290,1,0.040335468849,0.056647948788
500,291,1,0.034535988381,0.040662360583
500,292,1,0.022044872319,0.043404130184
500,293,1,0.043644780206,0.069469791649
500,294,1,0.025490174598,0.035571329543
500,295,1,0.043516965286,0.062008235493
500,296,1,0.046575242275,0.068512695530
500,297,1,0.023656993125,0.029252254786
500,298,1,0.056706181526,0.071697671811
500,299,1,0.022819234456,0.039805002498
1000,0,1,0.026715155807,0.039461063734
1000,1,1,0.014584929360,0.029135655785
1000,2,1,0.018323501155,0.033140758462
1000,3,1,0.020190553326,0.026607666623
1000,4,1,0.027583653085,0.040949225584
1000,5,1,0.021165731740,0.028688611511
1000,6,1,0.037420119430,0.055623449188
1000,7,1,0.017067868661,0.029466714330
1000,8,1,0.020425299606,0.040691291874
1000,9,1,0.020438106614,0.027495911084
1000,10,1,0.036009727503,0.061839438828
1000,11,1,0.020448729671,0.033857836224
1000,12,1,0.040983279713,0.054045088210
1000,13,1,0.035358712327,0.058252683172
1000,14,1,0.032395392301,0.055876526020
1000,15,1,0.014142074350,0.019331519899
1000,16,1,0.022699155924,0.031492377194
1000,17,1,0.019845467177,0.038118848299
1000,18,1,0.024308002364,0.030285574281
1000,19,1,0.027040745525,0.033209356683
1000,20,1,0.033418501433,0.049530188209
1000,21,1,0.031049155709,0.054855591970
1000,22,1,0.020710757930,0.023154994614
1000,23,1,0.013447087614,0.019389140596
1000,24,1,0.039260980878,0.048721511021
1000,25,1,0.021126308430,0.039015775466
1000,26,1,0.014621065638,0.018790518009
1000,27,1,0.021388442406,0.032251626869
1000,28,1,0.032051824482,0.058325621426
1000,29,1,0.027259401661,0.048827858760
1000,30,1,0.024182150642,0.043732260910
1000,31,1,0.023628284818,0.037785460834
1000,32,1,0.036619483368,0.060065919395
1000,33,1,0.024809890148,0.045825937011
1000,34,1,0.017744281353,0.025712263211
1000,35,1,0.025649701521,0.037099829972
1000,36,1,0.017414347410,0.020873941938
1000,37,1,0.028174874784,0.030446369557
1000,38,1,0.011215520838,0.014841817909
1000,39,1,0.032097270989,0.061059935929
1000,40,1,0.025653056848,0.041289737260
1000,41,1,0.029685606802,0.055191550259
1000,42,1,0.020668934050,0.030560554803
1000,43,1,0.037882917889,0.069091570470
1000,44,1,0.026289360713,0.045498741298
1000,45,1,0.048983483548,0.096066210693
1000,46,1,0.029081282001,0.038267920935
1000,47,1,0.012090680353,0.017595236800
1000,48,1,0.028760891879,0.043754973453
1000,49,1,0.023809409165,0.041592127145
1000,50,1,0.025239532214,0.043034005544
1000,51,1,0.009602469782,0.015548999098
1000,52,1,0.026720190497,0.039209815979
1000,53,1,0.020700030173,0.035549404204
1000,54,1,0.043763342805,0.072387266297
1000,55,1,0.029682018072,0.035408305351
1000,56,1,0.047080381096,0.084350401680
1000,57,1,0.036897900432,0.061010393286
1000,58,1,0.023858888835,0.041253738706
1000,59,1,0.014124600925,0.019912125230
1000,60,1,0.029127134088,0.044092999829
1000,61,1,0.016098773747,0.021322338436
1000,62,1,0.024850068810,0.035624233401
1000,63,1,0.006632740075,0.009884360846
1000,64,1,0.030227210950,0.037852311209
1000,65,1,0.021783677263,0.041970088030
1000,66,1,0.010086080710,0.014033323422
1000,67,1,0.014666489188,0.026362346447
1000,68,1,0.011641020759,0.018666098717
1000,69,1,0.029566992673,0.044418374954
1000,70,1,0.033330457704,0.046260682206
1000,71,1,0.026073151591,0.037333003263
1000,72,1,0.027590111034,0.047740931048
1000,73,1,0.038218285078,0.056462352536
1000,74,1,0.008899552752,0.012542251635
1000,75,1,0.038004027143,0.057177908763
1000,76,1,0.025358871009,0.047229067923
1000,77,1,0.022818377234,0.039502155672
1000,78,1,0.016189731269,0.030308778785
1000,79,1,0.038783526434,0.056904796070
1000,80,1,0.018951560271,0.027868465168
1000,81,1,0.032268688952,0.055401329340
1000,82,1,0.019779435299,0.029831800236
1000,83,1,0.025512375817,0.030171864405
1000,84,1,0.031973016394,0.041177098699
1000,85,1,0.029745152297,0.051458134374
1000,86,1,0.024668907617,0.035777983982
1000,87,1,0.033333076960,0.057267389936
1000,88,1,0.023676875920,0.045391002103
1000,89,1,0.020797922027,0.026872127559
1000,90,1,0.030001525752,0.056821353672
1000,91,1,0.022411850897,0.033318840733
1000,92,1,0.033454120464,0.051814567512
1000,93,1,0.026218979409,0.043377255454
1000,94,1,0.036548020083,0.051156240170
1000,95,1,0.009777260824,0.016331439085
1000,96,1,0.024621215382,0.040043683288
1000,97,1,0.028740432925,0.037004314077
1000,98,1,0.033545314139,0.045427306385
1000,99,1,0.028970248895,0.041395113158
1000,100,1,0.017646482103,0.030308778785
1000,101,1,0.022125465057,0.035023698189
1000,102,1,0.030943996564,0.039459955958
1000,103,1,0.020337703146,0.027773557629
1000,104,1,0.010415806358,0.019394849116
1000,105,1,0.043012306443,0.070219155747
1000,106,1,0.028862679711,0.043454390386
1000,107,1,0.017158617392,0.019320442632
1000,108,1,0.033284665810,0.049769107931
1000,109,1,0.014447649658,0.027600630316
1000,110,1,0.014321406446,0.023709509481
1000,111,1,0.028167146771,0.044242378422
1000,112,1,0.022091299952,0.033939641791
1000,113,1,0.020906785277,0.036340380403
1000,114,1,0.014277575492,0.021413393464
1000,115,1,0.037695684652,0.059451619797
1000,116,1,0.007694206590,0.013033234281
1000,117,1,0.033162247070,0.039502155672
1000,118,1,0.023955689631,0.045225983890
1000,119,1,0.024538375104,0.035802652954
1000,120,1,0.016834264972,0.024340573704
1000,121,1,0.020748149702,0.028319588158
1000,122,1,0.027090323719,0.039209815979
1000,123,1,0.041097225275,0.063710830853
1000,124,1,0.030795833368,0.050334324268
1000,125,1,0.015823505958,0.021867916659
1000,126,1,0.023668722829,0.033127657857
1000,127,1,0.027113831476,0.042566473826
1000,128,1,0.021571621630,0.033382335802
1000,129,1,0.019306247813,0.029190093730
1000,130,1,0.029250134880,0.046655869737
1000,131,1,0.023759486843,0.037956601720
1000,132,1,0.033583230735,0.046752910580
1000,133,1,0.030770731101,0.052266587763
1000,134,1,0.026027573887,0.039461063734
1000,135,1,0.017162525387,0.033066314136
1000,136,1,0.035301761779,0.045634838640
1000,137,1,0.027026802932,0.036877441404
1000,138,1,0.021695447828,0.036827989810
1000,139,1,0.026319244958,0.041671972266
1000,140,1,0.032431080395,0.041684159563
1000,141,1,0.043059579907,0.072964944279
1000,142,1,0.035505290064,0.064110138425
1000,143,1,0.033859399697,0.045199649485
1000,144,1,0.026147243930,0.035807625171
1000,145,1,0.028516827771,0.040590374231
1000,146,1,0.021377616267,0.035427913501
1000,147,1,0.017725495204,0.030727160423
1000,148,1,0.020444009638,0.033939641791
1000,149,1,0.012340800865,0.021641653445
1000,150,1,0.037188700153,0.049387062719
1000,151,1,0.031319018760,0.046476747822
1000,152,1,0.019620092903,0.024688030895
1000,153,1,0.025633570371,0.041912236377
1000,154,1,0.038541084641,0.058565285340
1000,155,1,0.014591869842,0.024219562203
1000,156,1,0.018482647117,0.028362303629
1000,157,1,0.017953048397,0.033880739619
1000,158,1,0.021002516487,0.036356561876
1000,159,1,0.026613602788,0.039947102072
1000,160,1,0.039871871662,0.062321468962
1000,161,1,0.033074668650,0.051585306982
1000,162,1,0.026652047959,0.034683842714
1000,163,1,0.030984159195,0.055747172374
1000,164,1,0.036429454037,0.047740931048
1000,165,1,0.019795955285,0.035902953084
1000,166,1,0.031792927553,0.042789000724
1000,167,1,0.036275648476,0.053000418364
1000,168,1,0.016786795814,0.025420807370
1000,169,1,0.025954629478,0.035466692050
1000,170,1,0.040493045127,0.056590157411
1000,171,1,0.028100203001,0.050421410748
1000,172,1,0.024611090352,0.037531784469
1000,173,1,0.022360051913,0.032040921121
1000,174,1,0.022055582050,0.031647111838
1000,175,1,0.016181502038,0.025554019284
1000,176,1,0.018299000577,0.024549664096
1000,177,1,0.026658815732,0.034805201327
1000,178,1,0.038551899862,0.056549026722
1000,179,1,0.018272091270,0.026943853594
1000,180,1,0.011210110211,0.017804033347
1000,181,1,0.031146705113,0.056983182220
1000,182,1,0.030169610062,0.049862371309
1000,183,1,0.027143111386,0.045961606624
1000,184,1,0.035773623558,0.066038321484
1000,185,1,0.039988172473,0.064993098228
1000,186,1,0.037628740796,0.055313290509
1000,187,1,0.029278236735,0.056019242594
1000,188,1,0.028522975315,0.040189275766
1000,189,1,0.022303749602,0.039133259809
1000,190,1,0.027518896869,0.037434172836
1000,191,1,0.023014553392,0.035721334795
1000,192,1,0.021381193374,0.031661362646
1000,193,1,0.036742504105,0.046679688683
1000,194,1,0.031900163399,0.041633562774
1000,195,1,0.034089834761,0.059581230381
1000,196,1,0.035084473953,0.054341155717
1000,197,1,0.037144700777,0.068819545665
1000,198,1,0.049102294178,0.073724855912
1000,199,1,0.039944928883,0.061559228528
1000,200,1,0.029028892110,0.043329220520
1000,201,1,0.039684386366,0.057419124953
1000,202,1,0.029031304159,0.041447424730
1000,203,1,0.017167826123,0.029159942010
1000,204,1,0.013142066986,0.018356280239
1000,205,1,0.030058289180,0.037638965302
1000,206,1,0.017261722924,0.027446485127
1000,207,1,0.035729913113,0.055029589787
1000,208,1,0.021934166530,0.034692347511
1000,209,1,0.028301105116,0.039359622053
1000,210,1,0.020782780568,0.030998028905
1000,211,1,0.042119628907,0.052967147678
1000,212,1,0.025232460011,0.039655820651
1000,213,1,0.016003231830,0.026589875227
1000,214,1,0.018137720130,0.033939641791
1000,215,1,0.026661671381,0.051108365997
1000,216,1,0.037528520373,0.057644505359
1000,217,1,0.012288084378,0.020804384139
1000,218,1,0.017401741709,0.023790820037
1000,219,1,0.017740046712,0.028326951974
1000,220,1,0.013282350445,0.018479522160
1000,221,1,0.030909009760,0.048847563683
1000,222,1,0.028020787831,0.039021646834
1000,223,1,0.028317006565,0.046045345427
1000,224,1,0.023337698282,0.031889637548
1000,225,1,0.011944246181,0.016520858241
1000,226,1,0.023071993468,0.037060777152
1000,227,1,0.025018436550,0.041890229937
1000,228,1,0.029664706835,0.055724236238
1000,229,1,0.030043454686,0.054748367497
1000,230,1,0.023347821791,0.037143761597
1000,231,1,0.036171576512,0.052944044958
1000,232,1,0.042001880207,0.056462352536
1000,233,1,0.028090707813,0.051016599679
1000,234,1,0.021587075517,0.028187823698
1000,235,1,0.014185378539,0.022651553805
1000,236,1,0.037906899083,0.051048606972
1000,237,1,0.038272499538,0.070307775735
1000,238,1,0.035014478183,0.057696081876
1000,239,1,0.033808358355,0.066254689315
1000,240,1,0.031558555168,0.051018212388
1000,241,1,0.017078290042,0.023978983802
1000,242,1,0.019646532894,0.034156875882
1000,243,1,0.019512400459,0.025590395199
1000,244,1,0.035469218995,0.064509679965
1000,245,1,0.043958749149,0.071047499951
1000,246,1,0.014027753368,0.019444795353
1000,247,1,0.044079261016,0.059005229029
1000,248,1,0.040862367071,0.080852760502
1000,249,1,0.026453155801,0.034850492553
1000,250,1,0.013276385532,0.021860259850
1000,251,1,0.027365051843,0.036648528917
1000,252,1,0.014006223019,0.019554590698
1000,253,1,0.025054944404,0.037911690983
1000,254,1,0.021299021487,0.029700735432
1000,255,1,0.015845431539,0.026413962298
1000,256,1,0.041424868688,0.073548119050
1000,257,1,0.034852940759,0.056028407843
1000,258,1,0.051490862352,0.085881669760
1000,259,1,0.020800526088,0.029082434587
1000,260,1,0.018794446220,0.027354432310
1000,261,1,0.025368261650,0.049405805525
1000,262,1,0.020171692393,0.039760830036
1000,263,1,0.029783286544,0.041405612804
1000,264,1,0.030222862874,0.041234519791
1000,265,1,0.021651561618,0.029252254786
1000,266,1,0.027219619723,0.034713619952
1000,267,1,0.024914672165,0.032855022107
1000,268,1,0.024243582531,0.036575781915
1000,269,1,0.036318772860,0.059689209269
1000,270,1,0.023892989756,0.038606485976
1000,271,1,0.009221985835,0.011140632821
1000,272,1,0.026183805389,0.044401600301
1000,273,1,0.015077765641,0.023736880683
1000,274,1,0.038080851344,0.059731311719
1000,275,1,0.033240521623,0.045225983890
1000,276,1,0.032982542830,0.056525077999
1000,277,1,0.026575367743,0.038634849435
1000,278,1,0.044610719787,0.059736396726
1000,279,1,0.047487214234,0.077059151773
1000,280,1,0.031370633298,0.050287160173
1000,281,1,0.015197172539,0.027364057781
1000,282,1,0.031842254626,0.049232684600
1000,283,1,0.023887941348,0.047258104173
1000,284,1,0.010948452284,0.016409748538
1000,285,1,0.020386844328,0.038206282009
1000,286,1,0.005097746342,0.006619377401
1000,287,1,0.017152689993,0.024653812413
1000,288,1,0.021431910725,0.028988798227
1000,289,1,0.041096927556,0.065487728581
1000,290,1,0.013793950209,0.021901506866
1000,291,1,0.019124885461,0.029131119337
1000,292,1,0.015146885168,0.022655249687
1000,293,1,0.018228375785,0.024989901422
1000,294,1,0.024136406736,0.031999760335
1000,295,1,0.022014727908,0.028396279762
1000,296,1,0.033301825879,0.046634502510
1000,297,1,0.014917904827,0.023146380445
1000,298,1,0.024330425739,0.037189295802
1000,299,1,0.015918913291,0.028781160073
